datetime,portfolio_value,cash,return
2020-01-02 09:30:00-05:00,100000.0,100000.0,
2020-01-03 09:30:00-05:00,100000.0,100000.0,0.0
2020-01-04 09:30:00-05:00,100000.0,100000.0,0.0
2020-01-06 09:30:00-05:00,100000.0,100000.0,0.0
2020-01-07 09:30:00-05:00,100000.0,100000.0,0.0
2020-01-08 09:30:00-05:00,100000.0,100000.0,0.0
2020-01-09 09:30:00-05:00,100000.0,100000.0,0.0
2020-01-10 09:30:00-05:00,100000.0,100000.0,0.0
2020-01-11 09:30:00-05:00,100000.0,100000.0,0.0
2020-01-13 09:30:00-05:00,100000.0,100000.0,0.0
2020-01-14 09:30:00-05:00,100000.0,100000.0,0.0
2020-01-15 09:30:00-05:00,100000.0,100000.0,0.0
2020-01-16 09:30:00-05:00,100000.0,100000.0,0.0
2020-01-17 09:30:00-05:00,100000.0,100000.0,0.0
2020-01-18 09:30:00-05:00,100000.0,100000.0,0.0
2020-01-21 09:30:00-05:00,100000.0,100000.0,0.0
2020-01-22 09:30:00-05:00,100000.0,100000.0,0.0
2020-01-23 09:30:00-05:00,100000.0,100000.0,0.0
2020-01-24 09:30:00-05:00,100000.0,100000.0,0.0
2020-01-25 09:30:00-05:00,100000.0,100000.0,0.0
2020-01-27 09:30:00-05:00,100000.0,100000.0,0.0
2020-01-28 09:30:00-05:00,100000.0,100000.0,0.0
2020-01-29 09:30:00-05:00,100000.0,100000.0,0.0
2020-01-30 09:30:00-05:00,100000.0,100000.0,0.0
2020-01-31 09:30:00-05:00,100000.0,100000.0,0.0
2020-02-01 09:30:00-05:00,100000.0,100000.0,0.0
2020-02-03 09:30:00-05:00,100000.0,100000.0,0.0
2020-02-04 09:30:00-05:00,99268.39981079102,150119.25094604492,-0.007316001892089807
2020-02-05 09:30:00-05:00,98617.40264892578,150119.25094604492,-0.0065579495902629015
2020-02-06 09:30:00-05:00,98363.20037841797,150119.25094604492,-0.002577661383080243
2020-02-07 09:30:00-05:00,98532.14981079102,150119.25094604492,0.0017176081270544596
2020-02-08 09:30:00-05:00,98532.14981079102,150119.25094604492,0.0
2020-02-10 09:30:00-05:00,98778.59924316406,150119.25094604492,0.002501208314710457
2020-02-11 09:30:00-05:00,96895.34204101562,225308.4634399414,-0.019065437418406828
2020-02-12 09:30:00-05:00,96639.40856933594,225308.4634399414,-0.002641339266559961
2020-02-13 09:30:00-05:00,97009.94903564453,225308.4634399414,0.0038342584230814936
2020-02-14 09:30:00-05:00,95826.88153076172,337821.55853271484,-0.012195321373152268
2020-02-15 09:30:00-05:00,95826.88153076172,337821.55853271484,0.0
2020-02-18 09:30:00-05:00,96543.88153076172,337821.55853271484,0.007482242858647403
2020-02-19 09:30:00-05:00,95626.12240600586,337821.55853271484,-0.009506134518358245
2020-02-20 09:30:00-05:00,95661.98553466797,337821.55853271484,0.0003750348519815372
2020-02-21 09:30:00-05:00,97289.5676574707,337821.55853271484,0.01701388606671661
2020-02-22 09:30:00-05:00,97289.5676574707,337821.55853271484,0.0
2020-02-24 09:30:00-05:00,106130.16802978516,337821.55853271484,0.09086894499767673
2020-02-25 09:30:00-05:00,105556.57678222656,337821.55853271484,-0.005404601332560044
2020-02-26 09:30:00-05:00,112554.50378417969,337821.55853271484,0.06629550915042004
2020-02-27 09:30:00-05:00,118806.74465942383,337821.55853271484,0.055548562385674405
2020-02-28 09:30:00-05:00,130823.64978027344,337821.55853271484,0.10114665758495245
2020-02-29 09:30:00-05:00,130823.64978027344,337821.55853271484,0.0
2020-03-02 09:30:00-05:00,124004.99465942383,337821.55853271484,-0.05212096690699253
2020-03-03 09:30:00-05:00,115910.05853271484,337821.55853271484,-0.06527911354652682
2020-03-04 09:30:00-05:00,118333.5220336914,337821.55853271484,0.020908138013687294
2020-03-05 09:30:00-05:00,119150.89065551758,337821.55853271484,0.0069073294513575245
2020-03-06 09:30:00-05:00,127633.01290893555,337821.55853271484,0.07118807259226467
2020-03-07 09:30:00-05:00,127633.01290893555,506675.95501708984,0.0
2020-03-09 09:30:00-04:00,138636.41607666016,506675.95501708984,0.08621126240728483
2020-03-10 09:30:00-04:00,147237.44140625,760005.5680541992,0.06204015923805928
2020-03-11 09:30:00-04:00,201157.56805419922,760005.5680541992,0.36621205946642044
2020-03-12 09:30:00-04:00,190763.63342285156,576453.5680541992,-0.05167061190830835
2020-03-13 09:30:00-04:00,190763.63342285156,576453.5680541992,0.0
2020-03-14 09:30:00-04:00,190763.63342285156,576453.5680541992,0.0
2020-03-16 09:30:00-04:00,217224.93789672852,576453.5680541992,0.13871252082529884
2020-03-17 09:30:00-04:00,230111.06805419922,576453.5680541992,0.05932159669253512
2020-03-18 09:30:00-04:00,228437.5508666992,441370.0508666992,-0.007272649688913946
2020-03-19 09:30:00-04:00,225518.35195312498,441370.0508666992,-0.01277898008667444
2020-03-20 09:30:00-04:00,225518.35195312498,441370.0508666992,0.0
2020-03-21 09:30:00-04:00,225518.35195312498,441370.0508666992,0.0
2020-03-23 09:30:00-04:00,232736.25249633787,441370.0508666992,0.03200582338732749
2020-03-24 09:30:00-04:00,223435.75521240232,441370.0508666992,-0.03996153235337452
2020-03-25 09:30:00-04:00,219297.24706420896,441370.0508666992,-0.018522139145810468
2020-03-26 09:30:00-04:00,215959.74706420896,441370.0508666992,-0.015219069298315402
2020-03-27 09:30:00-04:00,215959.74706420896,441370.0508666992,0.0
2020-03-28 09:30:00-04:00,215959.74706420896,441370.0508666992,0.0
2020-03-30 09:30:00-04:00,209471.65303955076,441370.0508666992,-0.030043071048463377
2020-03-31 09:30:00-04:00,220667.85466918943,441370.0508666992,0.05344972203720899
2020-04-01 09:30:00-04:00,223150.94869384763,441370.0508666992,0.011252631373884103
2020-04-02 09:30:00-04:00,218193.6557556152,441370.0508666992,-0.022214975859383812
2020-04-03 09:30:00-04:00,218193.6557556152,441370.0508666992,0.0
2020-04-04 09:30:00-04:00,218193.6557556152,441370.0508666992,0.0
2020-04-06 09:30:00-04:00,197323.15847167966,441370.0508666992,-0.09565125627351534
2020-04-07 09:30:00-04:00,202885.65847167966,441370.0508666992,0.028189798111296405
2020-04-08 09:30:00-04:00,194323.8628173828,441370.0508666992,-0.04220010285000997
2020-04-09 09:30:00-04:00,194323.8628173828,441370.0508666992,0.0
2020-04-10 09:30:00-04:00,194323.8628173828,441370.0508666992,0.0
2020-04-13 09:30:00-04:00,191297.84108886716,441370.0508666992,-0.015572054222488085
2020-04-14 09:30:00-04:00,197009.59722290037,661939.3594909668,0.02985792260655895
2020-04-15 09:30:00-04:00,194363.11971435545,661939.3594909668,-0.01343324155701231
2020-04-16 09:30:00-04:00,183927.85131225584,661939.3594909668,-0.053689549835564176
2020-04-17 09:30:00-04:00,183927.85131225584,661939.3594909668,0.0
2020-04-18 09:30:00-04:00,183927.85131225584,661939.3594909668,0.0
2020-04-20 09:30:00-04:00,198416.59108886716,661939.3594909668,0.07877403924005866
2020-04-21 09:30:00-04:00,195703.0992675781,661939.3594909668,-0.013675730473938774
2020-04-22 09:30:00-04:00,192118.62584838865,661939.3594909668,-0.018315874570225987
2020-04-23 09:30:00-04:00,191716.59108886716,661939.3594909668,-0.002092638117444978
2020-04-24 09:30:00-04:00,191716.59108886716,661939.3594909668,0.0
2020-04-25 09:30:00-04:00,191716.59108886716,661939.3594909668,0.0
2020-04-27 09:30:00-04:00,174480.87789306638,661939.3594909668,-0.0899020428952414
2020-04-28 09:30:00-04:00,175060.758996582,-156408.84961547854,0.003323465072608167
2020-04-29 09:30:00-04:00,175265.4106689453,-156408.84961547854,0.0011690322464972258
2020-04-30 09:30:00-04:00,167988.61760864255,-156408.84961547854,-0.041518706015801876
2020-05-01 09:30:00-04:00,167988.61760864255,-156408.84961547854,0.0
2020-05-02 09:30:00-04:00,167988.61760864255,-156408.84961547854,0.0
2020-05-04 09:30:00-04:00,169500.8470397949,-156408.84961547854,0.009001975566435894
2020-05-05 09:30:00-04:00,171092.64010009763,-156408.84961547854,0.0093910625704956
2020-05-06 09:30:00-04:00,170762.90038452146,-156408.84961547854,-0.0019272583284895006
2020-05-07 09:30:00-04:00,174560.4762207031,-156408.84961547854,0.02223888108968808
2020-05-08 09:30:00-04:00,174560.4762207031,-156408.84961547854,0.0
2020-05-09 09:30:00-04:00,174560.4762207031,-156408.84961547854,0.0
2020-05-11 09:30:00-04:00,177630.39010009763,-156408.84961547854,0.017586534740619886
2020-05-12 09:30:00-04:00,168841.36760864255,-156408.84961547854,-0.049479272586759104
2020-05-13 09:30:00-04:00,160757.314263916,-156408.84961547854,-0.047879577494684744
2020-05-14 09:30:00-04:00,157936.3915176391,157936.3915176391,-0.017547710094520275
2020-05-15 09:30:00-04:00,157936.3915176391,157936.3915176391,0.0
2020-05-16 09:30:00-04:00,157936.3915176391,157936.3915176391,0.0
2020-05-18 09:30:00-04:00,157936.3915176391,157936.3915176391,0.0
2020-05-19 09:30:00-04:00,157936.3915176391,157936.3915176391,0.0
2020-05-20 09:30:00-04:00,157936.3915176391,157936.3915176391,0.0
2020-05-21 09:30:00-04:00,157936.3915176391,157936.3915176391,0.0
2020-05-22 09:30:00-04:00,157936.3915176391,157936.3915176391,0.0
2020-05-23 09:30:00-04:00,157936.3915176391,157936.3915176391,0.0
2020-05-26 09:30:00-04:00,157936.3915176391,157936.3915176391,0.0
2020-05-27 09:30:00-04:00,157936.3915176391,157936.3915176391,0.0
2020-05-28 09:30:00-04:00,157936.3915176391,157936.3915176391,0.0
2020-05-29 09:30:00-04:00,157936.3915176391,157936.3915176391,0.0
2020-05-30 09:30:00-04:00,157936.3915176391,157936.3915176391,0.0
2020-06-01 09:30:00-04:00,157936.3915176391,157936.3915176391,0.0
2020-06-02 09:30:00-04:00,157936.3915176391,157936.3915176391,0.0
2020-06-03 09:30:00-04:00,157936.3915176391,157936.3915176391,0.0
2020-06-04 09:30:00-04:00,157936.3915176391,157936.3915176391,0.0
2020-06-05 09:30:00-04:00,157936.3915176391,157936.3915176391,0.0
2020-06-06 09:30:00-04:00,157936.3915176391,157936.3915176391,0.0
2020-06-08 09:30:00-04:00,157936.3915176391,157936.3915176391,0.0
2020-06-09 09:30:00-04:00,157936.3915176391,157936.3915176391,0.0
2020-06-10 09:30:00-04:00,157936.3915176391,157936.3915176391,0.0
2020-06-11 09:30:00-04:00,157936.3915176391,157936.3915176391,0.0
2020-06-12 09:30:00-04:00,157936.3915176391,157936.3915176391,0.0
2020-06-13 09:30:00-04:00,157936.3915176391,157936.3915176391,0.0
2020-06-15 09:30:00-04:00,157936.3915176391,157936.3915176391,0.0
2020-06-16 09:30:00-04:00,158288.89243316645,236806.39426422113,0.002231916989745786
2020-06-17 09:30:00-04:00,159303.89182281488,236806.39426422113,0.006412322267508319
2020-06-18 09:30:00-04:00,158263.89090728754,236806.39426422113,-0.006528408713856626
2020-06-19 09:30:00-04:00,158263.89090728754,236806.39426422113,0.0
2020-06-20 09:30:00-04:00,158263.89090728754,236806.39426422113,0.0
2020-06-22 09:30:00-04:00,158433.89670562738,236806.39426422113,0.0010741919547487822
2020-06-23 09:30:00-04:00,160726.09287261957,355305.6105728149,0.014467839361744117
2020-06-24 09:30:00-04:00,164726.44980621332,355305.6105728149,0.02488928127409995
2020-06-25 09:30:00-04:00,163037.1282730102,355305.6105728149,-0.010255314402699
2020-06-26 09:30:00-04:00,163037.1282730102,-14535.673851013242,0.0
2020-06-27 09:30:00-04:00,163037.1282730102,-14535.673851013242,0.0
2020-06-29 09:30:00-04:00,161778.52048492426,-14535.673851013242,-0.0077197617586735046
2020-06-30 09:30:00-04:00,165014.93039703363,-14535.673851013242,0.02000518920811234
2020-07-01 09:30:00-04:00,167723.52048492426,-14535.673851013242,0.016414212225364322
2020-07-02 09:30:00-04:00,167723.52048492426,-14535.673851013242,0.0
2020-07-03 09:30:00-04:00,167723.52048492426,-14535.673851013242,0.0
2020-07-06 09:30:00-04:00,168384.728981018,-14535.673851013242,0.003942252667855195
2020-07-07 09:30:00-04:00,167938.117652893,-14535.673851013242,-0.002652326792504711
2020-07-08 09:30:00-04:00,169231.52402496332,-14535.673851013242,0.007701684347466653
2020-07-09 09:30:00-04:00,167764.12473297113,-14535.673851013242,-0.008670957142569602
2020-07-10 09:30:00-04:00,167764.12473297113,-14535.673851013242,0.0
2020-07-11 09:30:00-04:00,167764.12473297113,-14535.673851013242,0.0
2020-07-13 09:30:00-04:00,167178.31906890863,-14535.673851013242,-0.0034918410893564067
2020-07-14 09:30:00-04:00,172462.1282730102,-14535.673851013242,0.03160582803756773
2020-07-15 09:30:00-04:00,170942.53110504145,-14535.673851013242,-0.008811193409159368
2020-07-16 09:30:00-04:00,172154.728981018,-14535.673851013242,0.007091259665692462
2020-07-17 09:30:00-04:00,172154.728981018,-14535.673851013242,0.0
2020-07-18 09:30:00-04:00,172154.728981018,-14535.673851013242,0.0
2020-07-20 09:30:00-04:00,174805.33322906488,-14535.673851013242,0.015396639196238127
2020-07-21 09:30:00-04:00,173743.9233169555,-14535.673851013242,-0.006071953827166743
2020-07-22 09:30:00-04:00,174816.92685699457,-14535.673851013242,0.006175775932500516
2020-07-23 09:30:00-04:00,171615.33322906488,-14535.673851013242,-0.018313979575608763
2020-07-24 09:30:00-04:00,171615.33322906488,-14535.673851013242,0.0
2020-07-25 09:30:00-04:00,171615.33322906488,-14535.673851013242,0.0
2020-07-27 09:30:00-04:00,172473.72190093988,-14535.673851013242,0.005001818052756679
2020-07-28 09:30:00-04:00,172293.9233169555,-14535.673851013242,-0.0010424694382582533
2020-07-29 09:30:00-04:00,172166.3226089477,-14535.673851013242,-0.0007405990040233457
2020-07-30 09:30:00-04:00,174486.3226089477,-14535.673851013242,0.013475341546729469
2020-07-31 09:30:00-04:00,174486.3226089477,-14535.673851013242,0.0
2020-08-01 09:30:00-04:00,174486.3226089477,-14535.673851013242,0.0
2020-08-03 09:30:00-04:00,175623.117652893,-14535.673851013242,0.00651509543526263
2020-08-04 09:30:00-04:00,177716.92685699457,-14535.673851013242,0.011922173071997388
2020-08-05 09:30:00-04:00,177722.73252105707,-14535.673851013242,3.2668042179162526e-05
2020-08-06 09:30:00-04:00,178766.72544097895,-14535.673851013242,0.005874279025043672
2020-08-07 09:30:00-04:00,178766.72544097895,-14535.673851013242,0.0
2020-08-08 09:30:00-04:00,178766.72544097895,-14535.673851013242,0.0
2020-08-10 09:30:00-04:00,180837.32968902582,-14535.673851013242,0.01158271620705209
2020-08-11 09:30:00-04:00,180019.52756500238,-14535.673851013242,-0.004522308117631213
2020-08-12 09:30:00-04:00,180698.117652893,-14535.673851013242,0.0037695359890643765
2020-08-13 09:30:00-04:00,180582.1282730102,-14535.673851013242,-0.0006418958945970665
2020-08-14 09:30:00-04:00,180582.1282730102,-14535.673851013242,0.0
2020-08-15 09:30:00-04:00,180582.1282730102,-14535.673851013242,0.0
2020-08-17 09:30:00-04:00,181701.52402496332,-14535.673851013242,0.006198818026226682
2020-08-18 09:30:00-04:00,182113.31906890863,-14535.673851013242,0.002266326857493617
2020-08-19 09:30:00-04:00,179973.117652893,-14535.673851013242,-0.011752031246027639
2020-08-20 09:30:00-04:00,181457.9339370727,-14535.673851013242,0.008250211495715698
2020-08-21 09:30:00-04:00,181457.9339370727,-14535.673851013242,0.0
2020-08-22 09:30:00-04:00,181457.9339370727,-14535.673851013242,0.0
2020-08-24 09:30:00-04:00,184711.72544097895,-14535.673851013242,0.017931381854235262
2020-08-25 09:30:00-04:00,185425.13181304926,-14535.673851013242,0.003862269005214136
2020-08-26 09:30:00-04:00,187600.13181304926,-14535.673851013242,0.011729801557821773
2020-08-27 09:30:00-04:00,188139.52756500238,-14535.673851013242,0.002875241860121225
2020-08-28 09:30:00-04:00,188139.52756500238,-14535.673851013242,0.0
2020-08-29 09:30:00-04:00,188139.52756500238,-14535.673851013242,0.0
2020-08-31 09:30:00-04:00,188586.12119293207,-14535.673851013242,0.0023737363100126974
2020-09-01 09:30:00-04:00,191172.9339370727,-14535.673851013242,0.013716877614202483
2020-09-02 09:30:00-04:00,191868.9233169555,-14535.673851013242,0.0036406271826738834
2020-09-03 09:30:00-04:00,186219.728981018,-14535.673851013242,-0.02944298763070341
2020-09-04 09:30:00-04:00,186219.728981018,-14535.673851013242,0.0
2020-09-05 09:30:00-04:00,186219.728981018,-14535.673851013242,0.0
2020-09-08 09:30:00-04:00,181243.31906890863,-14535.673851013242,-0.026723322707749353
2020-09-09 09:30:00-04:00,183719.93039703363,-14535.673851013242,0.013664566180138227
2020-09-10 09:30:00-04:00,180239.93039703363,-14535.673851013242,-0.01894187523628732
2020-09-11 09:30:00-04:00,180239.93039703363,-14535.673851013242,0.0
2020-09-12 09:30:00-04:00,180239.93039703363,-14535.673851013242,0.0
2020-09-14 09:30:00-04:00,183313.9233169555,-14535.673851013242,0.017055005032183823
2020-09-15 09:30:00-04:00,183540.13181304926,-14535.673851013242,0.0012339951706921148
2020-09-16 09:30:00-04:00,178929.12473297113,-14535.673851013242,-0.02512260961420043
2020-09-17 09:30:00-04:00,179978.9233169555,-14535.673851013242,0.005867119651711716
2020-09-18 09:30:00-04:00,179978.9233169555,-14535.673851013242,0.0
2020-09-19 09:30:00-04:00,179978.9233169555,-14535.673851013242,0.0
2020-09-21 09:30:00-04:00,176034.93039703363,-14535.673851013242,-0.021913637703989575
2020-09-22 09:30:00-04:00,177386.3226089477,-14535.673851013242,0.007676841231828879
2020-09-23 09:30:00-04:00,171771.92685699457,-14535.673851013242,-0.03165066883048362
2020-09-24 09:30:00-04:00,172560.71836090082,-14535.673851013242,0.004592086252621197
2020-09-25 09:30:00-04:00,172560.71836090082,-14535.673851013242,0.0
2020-09-26 09:30:00-04:00,172560.71836090082,-14535.673851013242,0.0
2020-09-28 09:30:00-04:00,179166.92685699457,-14535.673851013242,0.038283385459008334
2020-09-29 09:30:00-04:00,178656.52402496332,-14535.673851013242,-0.002848755855697882
2020-09-30 09:30:00-04:00,181324.52756500238,-14535.673851013242,0.014933703398742226
2020-10-01 09:30:00-04:00,177850.33322906488,-14535.673851013242,-0.019160090378242067
2020-10-02 09:30:00-04:00,177850.33322906488,-14535.673851013242,0.0
2020-10-03 09:30:00-04:00,177850.33322906488,-14535.673851013242,0.0
2020-10-05 09:30:00-04:00,182612.1282730102,-14535.673851013242,0.0267741699297932
2020-10-06 09:30:00-04:00,181573.9233169555,-14535.673851013242,-0.00568530122217592
2020-10-07 09:30:00-04:00,184317.32968902582,-14535.673851013242,0.015109032849840665
2020-10-08 09:30:00-04:00,185889.12473297113,-14535.673851013242,0.00852765741885042
2020-10-09 09:30:00-04:00,185889.12473297113,-14535.673851013242,0.0
2020-10-10 09:30:00-04:00,185889.12473297113,-14535.673851013242,0.0
2020-10-12 09:30:00-04:00,189786.72544097895,-14535.673851013242,0.020967341223466995
2020-10-13 09:30:00-04:00,188899.32614898676,-14535.673851013242,-0.004675771131675721
2020-10-14 09:30:00-04:00,184816.12119293207,-14535.673851013242,-0.021615773011462336
2020-10-15 09:30:00-04:00,187861.12119293207,-14535.673851013242,0.016475835443063414
2020-10-16 09:30:00-04:00,187861.12119293207,-14535.673851013242,0.0
2020-10-17 09:30:00-04:00,187861.12119293207,-14535.673851013242,0.0
2020-10-19 09:30:00-04:00,184671.12119293207,-14535.673851013242,-0.016980628986685842
2020-10-20 09:30:00-04:00,184595.71836090082,-14535.673851013242,-0.0004083087357902304
2020-10-21 09:30:00-04:00,184381.12119293207,-14535.673851013242,-0.001162525165124273
2020-10-22 09:30:00-04:00,186103.72190093988,-14535.673851013242,0.009342608922555229
2020-10-23 09:30:00-04:00,186103.72190093988,-14535.673851013242,0.0
2020-10-24 09:30:00-04:00,186103.72190093988,-14535.673851013242,0.0
2020-10-26 09:30:00-04:00,182525.13181304926,-14535.673851013242,-0.019229008701907913
2020-10-27 09:30:00-04:00,178082.32968902582,-14535.673851013242,-0.02434076929512352
2020-10-28 09:30:00-04:00,175072.1282730102,-14535.673851013242,-0.016903425630561686
2020-10-29 09:30:00-04:00,175866.72544097895,-14535.673851013242,0.004538684574221019
2020-10-30 09:30:00-04:00,175866.72544097895,-14535.673851013242,0.0
2020-10-31 09:30:00-04:00,175866.72544097895,-14535.673851013242,0.0
2020-11-02 09:30:00-05:00,176980.33322906488,-14535.673851013242,0.00633211191766736
2020-11-03 09:30:00-05:00,179004.52756500238,-14535.673851013242,0.011437397020366058
2020-11-04 09:30:00-05:00,183163.117652893,-14535.673851013242,0.0232317592435225
2020-11-05 09:30:00-05:00,188023.52048492426,-14535.673851013242,0.026535925432553897
2020-11-06 09:30:00-05:00,188423.72190093988,-14535.673851013242,0.00212846464625005
2020-11-07 09:30:00-05:00,188423.72190093988,-14535.673851013242,0.0
2020-11-09 09:30:00-05:00,196566.92685699457,-14535.673851013242,0.04321751462024426
2020-11-10 09:30:00-05:00,190488.52048492426,-14535.673851013242,-0.030922833608180933
2020-11-11 09:30:00-05:00,192176.3226089477,-14535.673851013242,0.008860387595676755
2020-11-12 09:30:00-05:00,191700.71836090082,-14535.673851013242,-0.002474832703582619
2020-11-13 09:30:00-05:00,191520.91977691645,-14535.673851013242,-0.000937912938051122
2020-11-14 09:30:00-05:00,191520.91977691645,-14535.673851013242,0.0
2020-11-16 09:30:00-05:00,194832.73252105707,-14535.673851013242,0.01729217230158575
2020-11-17 09:30:00-05:00,194246.92685699457,-14535.673851013242,-0.003006710712735061
2020-11-18 09:30:00-05:00,194792.1282730102,-14535.673851013242,0.0028067441006003335
2020-11-19 09:30:00-05:00,191712.32968902582,-14535.673851013242,-0.015810693231237183
2020-11-20 09:30:00-05:00,192814.32614898676,-14535.673851013242,0.005748177291197143
2020-11-21 09:30:00-05:00,192814.32614898676,-14535.673851013242,0.0
2020-11-23 09:30:00-05:00,192686.72544097895,-14535.673851013242,-0.0006617802243035209
2020-11-24 09:30:00-05:00,194386.12119293207,-14535.673851013242,0.008819474969351981
2020-11-25 09:30:00-05:00,196079.728981018,-14535.673851013242,0.00871259623728493
2020-11-26 09:30:00-05:00,196079.728981018,-14535.673851013242,0.0
2020-11-27 09:30:00-05:00,196491.52402496332,-14535.673851013242,0.0021001408258023435
2020-11-28 09:30:00-05:00,196491.52402496332,-14535.673851013242,0.0
2020-11-30 09:30:00-05:00,195905.71836090082,-14535.673851013242,-0.0029813279069893506
2020-12-01 09:30:00-05:00,197494.93039703363,-14535.673851013242,0.008112126840550626
2020-12-02 09:30:00-05:00,198551.68869781488,198551.68869781488,0.005350812290000562
2020-12-03 09:30:00-05:00,198551.68869781488,198551.68869781488,0.0
2020-12-04 09:30:00-05:00,198551.68869781488,198551.68869781488,0.0
2020-12-05 09:30:00-05:00,198551.68869781488,198551.68869781488,0.0
2020-12-07 09:30:00-05:00,198551.68869781488,198551.68869781488,0.0
2020-12-08 09:30:00-05:00,198551.68869781488,198551.68869781488,0.0
2020-12-09 09:30:00-05:00,198551.68869781488,198551.68869781488,0.0
2020-12-10 09:30:00-05:00,198551.68869781488,198551.68869781488,0.0
2020-12-11 09:30:00-05:00,198551.68869781488,198551.68869781488,0.0
2020-12-12 09:30:00-05:00,198551.68869781488,198551.68869781488,0.0
2020-12-14 09:30:00-05:00,198551.68869781488,198551.68869781488,0.0
2020-12-15 09:30:00-05:00,198551.68869781488,198551.68869781488,0.0
2020-12-16 09:30:00-05:00,198551.68869781488,198551.68869781488,0.0
2020-12-17 09:30:00-05:00,198551.68869781488,198551.68869781488,0.0
2020-12-18 09:30:00-05:00,198551.68869781488,198551.68869781488,0.0
2020-12-19 09:30:00-05:00,198551.68869781488,198551.68869781488,0.0
2020-12-21 09:30:00-05:00,198551.68869781488,198551.68869781488,0.0
2020-12-22 09:30:00-05:00,198551.68869781488,198551.68869781488,0.0
2020-12-23 09:30:00-05:00,198551.68869781488,198551.68869781488,0.0
2020-12-24 09:30:00-05:00,198551.68869781488,198551.68869781488,0.0
2020-12-25 09:30:00-05:00,198551.68869781488,198551.68869781488,0.0
2020-12-28 09:30:00-05:00,198551.68869781488,198551.68869781488,0.0
2020-12-29 09:30:00-05:00,198551.68869781488,198551.68869781488,0.0
2020-12-30 09:30:00-05:00,198551.68869781488,198551.68869781488,0.0
2020-12-31 09:30:00-05:00,198551.68869781488,198551.68869781488,0.0
2021-01-01 09:30:00-05:00,198551.68869781488,198551.68869781488,0.0
2021-01-04 09:30:00-05:00,198551.68869781488,198551.68869781488,0.0
2021-01-05 09:30:00-05:00,198551.68869781488,198551.68869781488,0.0
2021-01-06 09:30:00-05:00,198551.68869781488,198551.68869781488,0.0
2021-01-07 09:30:00-05:00,198551.68869781488,198551.68869781488,0.0
2021-01-08 09:30:00-05:00,198551.68869781488,198551.68869781488,0.0
2021-01-09 09:30:00-05:00,198551.68869781488,198551.68869781488,0.0
2021-01-11 09:30:00-05:00,198551.68869781488,198551.68869781488,0.0
2021-01-12 09:30:00-05:00,198551.68869781488,198551.68869781488,0.0
2021-01-13 09:30:00-05:00,198551.68869781488,198551.68869781488,0.0
2021-01-14 09:30:00-05:00,198551.68869781488,198551.68869781488,0.0
2021-01-15 09:30:00-05:00,198551.68869781488,198551.68869781488,0.0
2021-01-16 09:30:00-05:00,198551.68869781488,198551.68869781488,0.0
2021-01-19 09:30:00-05:00,198551.68869781488,198551.68869781488,0.0
2021-01-20 09:30:00-05:00,198551.68869781488,198551.68869781488,0.0
2021-01-21 09:30:00-05:00,198551.68869781488,198551.68869781488,0.0
2021-01-22 09:30:00-05:00,198551.68869781488,198551.68869781488,0.0
2021-01-23 09:30:00-05:00,198551.68869781488,198551.68869781488,0.0
2021-01-25 09:30:00-05:00,198551.68869781488,198551.68869781488,0.0
2021-01-26 09:30:00-05:00,198551.68869781488,198551.68869781488,0.0
2021-01-27 09:30:00-05:00,198551.68869781488,198551.68869781488,0.0
2021-01-28 09:30:00-05:00,198551.68869781488,198551.68869781488,0.0
2021-01-29 09:30:00-05:00,198551.68869781488,198551.68869781488,0.0
2021-01-30 09:30:00-05:00,198551.68869781488,198551.68869781488,0.0
2021-02-01 09:30:00-05:00,198551.68869781488,198551.68869781488,0.0
2021-02-02 09:30:00-05:00,198551.68869781488,198551.68869781488,0.0
2021-02-03 09:30:00-05:00,198551.68869781488,198551.68869781488,0.0
2021-02-04 09:30:00-05:00,198551.68869781488,198551.68869781488,0.0
2021-02-05 09:30:00-05:00,198551.68869781488,198551.68869781488,0.0
2021-02-06 09:30:00-05:00,198551.68869781488,198551.68869781488,0.0
2021-02-08 09:30:00-05:00,198551.68869781488,198551.68869781488,0.0
2021-02-09 09:30:00-05:00,198551.68869781488,198551.68869781488,0.0
2021-02-10 09:30:00-05:00,198551.68869781488,198551.68869781488,0.0
2021-02-11 09:30:00-05:00,198551.68869781488,198551.68869781488,0.0
2021-02-12 09:30:00-05:00,198551.68869781488,198551.68869781488,0.0
2021-02-13 09:30:00-05:00,198551.68869781488,198551.68869781488,0.0
2021-02-16 09:30:00-05:00,198551.68869781488,198551.68869781488,0.0
2021-02-17 09:30:00-05:00,198551.68869781488,198551.68869781488,0.0
2021-02-18 09:30:00-05:00,198551.68869781488,198551.68869781488,0.0
2021-02-19 09:30:00-05:00,198551.68869781488,198551.68869781488,0.0
2021-02-20 09:30:00-05:00,198551.68869781488,198551.68869781488,0.0
2021-02-22 09:30:00-05:00,198551.68869781488,198551.68869781488,0.0
2021-02-23 09:30:00-05:00,198551.68869781488,198551.68869781488,0.0
2021-02-24 09:30:00-05:00,198551.68869781488,198551.68869781488,0.0
2021-02-25 09:30:00-05:00,198551.68869781488,198551.68869781488,0.0
2021-02-26 09:30:00-05:00,198551.68869781488,198551.68869781488,0.0
2021-02-27 09:30:00-05:00,198551.68869781488,198551.68869781488,0.0
2021-03-01 09:30:00-05:00,198551.68869781488,198551.68869781488,0.0
2021-03-02 09:30:00-05:00,198551.68869781488,198551.68869781488,0.0
2021-03-03 09:30:00-05:00,198551.68869781488,198551.68869781488,0.0
2021-03-04 09:30:00-05:00,198551.68869781488,198551.68869781488,0.0
2021-03-05 09:30:00-05:00,198551.68869781488,198551.68869781488,0.0
2021-03-06 09:30:00-05:00,198551.68869781488,198551.68869781488,0.0
2021-03-08 09:30:00-05:00,198551.68869781488,198551.68869781488,0.0
2021-03-09 09:30:00-05:00,198551.68869781488,198551.68869781488,0.0
2021-03-10 09:30:00-05:00,198551.68869781488,198551.68869781488,0.0
2021-03-11 09:30:00-05:00,198551.68869781488,198551.68869781488,0.0
2021-03-12 09:30:00-05:00,198551.68869781488,198551.68869781488,0.0
2021-03-13 09:30:00-05:00,198551.68869781488,198551.68869781488,0.0
2021-03-15 09:30:00-04:00,198551.68869781488,198551.68869781488,0.0
2021-03-16 09:30:00-04:00,198551.68869781488,198551.68869781488,0.0
2021-03-17 09:30:00-04:00,198551.68869781488,198551.68869781488,0.0
2021-03-18 09:30:00-04:00,198551.68869781488,198551.68869781488,0.0
2021-03-19 09:30:00-04:00,198551.68869781488,198551.68869781488,0.0
2021-03-20 09:30:00-04:00,198551.68869781488,198551.68869781488,0.0
2021-03-22 09:30:00-04:00,198551.68869781488,198551.68869781488,0.0
2021-03-23 09:30:00-04:00,198551.68869781488,198551.68869781488,0.0
2021-03-24 09:30:00-04:00,198551.68869781488,198551.68869781488,0.0
2021-03-25 09:30:00-04:00,198551.68869781488,198551.68869781488,0.0
2021-03-26 09:30:00-04:00,198551.68869781488,198551.68869781488,0.0
2021-03-27 09:30:00-04:00,198551.68869781488,198551.68869781488,0.0
2021-03-29 09:30:00-04:00,198551.68869781488,198551.68869781488,0.0
2021-03-30 09:30:00-04:00,198551.68869781488,198551.68869781488,0.0
2021-03-31 09:30:00-04:00,198551.68869781488,198551.68869781488,0.0
2021-04-01 09:30:00-04:00,198551.68869781488,198551.68869781488,0.0
2021-04-02 09:30:00-04:00,198551.68869781488,198551.68869781488,0.0
2021-04-05 09:30:00-04:00,198551.68869781488,198551.68869781488,0.0
2021-04-06 09:30:00-04:00,198551.68869781488,198551.68869781488,0.0
2021-04-07 09:30:00-04:00,198551.68869781488,198551.68869781488,0.0
2021-04-08 09:30:00-04:00,198551.68869781488,198551.68869781488,0.0
2021-04-09 09:30:00-04:00,198551.68869781488,198551.68869781488,0.0
2021-04-10 09:30:00-04:00,198551.68869781488,198551.68869781488,0.0
2021-04-12 09:30:00-04:00,198551.68869781488,198551.68869781488,0.0
2021-04-13 09:30:00-04:00,198551.68869781488,198551.68869781488,0.0
2021-04-14 09:30:00-04:00,198551.68869781488,198551.68869781488,0.0
2021-04-15 09:30:00-04:00,198551.68869781488,198551.68869781488,0.0
2021-04-16 09:30:00-04:00,198551.68869781488,198551.68869781488,0.0
2021-04-17 09:30:00-04:00,198551.68869781488,198551.68869781488,0.0
2021-04-19 09:30:00-04:00,198551.68869781488,198551.68869781488,0.0
2021-04-20 09:30:00-04:00,198551.68869781488,198551.68869781488,0.0
2021-04-21 09:30:00-04:00,198551.68869781488,198551.68869781488,0.0
2021-04-22 09:30:00-04:00,198551.68869781488,198551.68869781488,0.0
2021-04-23 09:30:00-04:00,198551.68869781488,198551.68869781488,0.0
2021-04-24 09:30:00-04:00,198551.68869781488,198551.68869781488,0.0
2021-04-26 09:30:00-04:00,198551.68869781488,198551.68869781488,0.0
2021-04-27 09:30:00-04:00,198551.68869781488,198551.68869781488,0.0
2021-04-28 09:30:00-04:00,198551.68869781488,198551.68869781488,0.0
2021-04-29 09:30:00-04:00,198551.68869781488,198551.68869781488,0.0
2021-04-30 09:30:00-04:00,198551.68869781488,198551.68869781488,0.0
2021-05-01 09:30:00-04:00,198551.68869781488,198551.68869781488,0.0
2021-05-03 09:30:00-04:00,198551.68869781488,198551.68869781488,0.0
2021-05-04 09:30:00-04:00,198551.68869781488,198551.68869781488,0.0
2021-05-05 09:30:00-04:00,198551.68869781488,198551.68869781488,0.0
2021-05-06 09:30:00-04:00,198551.68869781488,198551.68869781488,0.0
2021-05-07 09:30:00-04:00,198551.68869781488,198551.68869781488,0.0
2021-05-08 09:30:00-04:00,198551.68869781488,198551.68869781488,0.0
2021-05-10 09:30:00-04:00,198551.68869781488,198551.68869781488,0.0
2021-05-11 09:30:00-04:00,198551.68869781488,198551.68869781488,0.0
2021-05-12 09:30:00-04:00,198551.68869781488,198551.68869781488,0.0
2021-05-13 09:30:00-04:00,198551.68869781488,198551.68869781488,0.0
2021-05-14 09:30:00-04:00,198551.68869781488,198551.68869781488,0.0
2021-05-15 09:30:00-04:00,198551.68869781488,198551.68869781488,0.0
2021-05-17 09:30:00-04:00,198551.68869781488,198551.68869781488,0.0
2021-05-18 09:30:00-04:00,198551.68869781488,198551.68869781488,0.0
2021-05-19 09:30:00-04:00,198551.68869781488,198551.68869781488,0.0
2021-05-20 09:30:00-04:00,198551.68869781488,198551.68869781488,0.0
2021-05-21 09:30:00-04:00,198551.68869781488,198551.68869781488,0.0
2021-05-22 09:30:00-04:00,198551.68869781488,198551.68869781488,0.0
2021-05-24 09:30:00-04:00,198551.68869781488,198551.68869781488,0.0
2021-05-25 09:30:00-04:00,198551.68869781488,198551.68869781488,0.0
2021-05-26 09:30:00-04:00,198551.68869781488,198551.68869781488,0.0
2021-05-27 09:30:00-04:00,198551.68869781488,198551.68869781488,0.0
2021-05-28 09:30:00-04:00,198551.68869781488,198551.68869781488,0.0
2021-05-29 09:30:00-04:00,198551.68869781488,198551.68869781488,0.0
2021-06-01 09:30:00-04:00,198551.68869781488,198551.68869781488,0.0
2021-06-02 09:30:00-04:00,198551.68869781488,198551.68869781488,0.0
2021-06-03 09:30:00-04:00,198551.68869781488,198551.68869781488,0.0
2021-06-04 09:30:00-04:00,198551.68869781488,198551.68869781488,0.0
2021-06-05 09:30:00-04:00,198551.68869781488,198551.68869781488,0.0
2021-06-07 09:30:00-04:00,198551.68869781488,198551.68869781488,0.0
2021-06-08 09:30:00-04:00,198551.68869781488,198551.68869781488,0.0
2021-06-09 09:30:00-04:00,198551.68869781488,198551.68869781488,0.0
2021-06-10 09:30:00-04:00,198551.68869781488,198551.68869781488,0.0
2021-06-11 09:30:00-04:00,198551.68869781488,198551.68869781488,0.0
2021-06-12 09:30:00-04:00,198551.68869781488,198551.68869781488,0.0
2021-06-14 09:30:00-04:00,198551.68869781488,198551.68869781488,0.0
2021-06-15 09:30:00-04:00,198551.68869781488,198551.68869781488,0.0
2021-06-16 09:30:00-04:00,198551.68869781488,198551.68869781488,0.0
2021-06-17 09:30:00-04:00,198551.68869781488,198551.68869781488,0.0
2021-06-18 09:30:00-04:00,198551.68869781488,198551.68869781488,0.0
2021-06-19 09:30:00-04:00,198551.68869781488,198551.68869781488,0.0
2021-06-21 09:30:00-04:00,198551.68869781488,198551.68869781488,0.0
2021-06-22 09:30:00-04:00,198551.68869781488,198551.68869781488,0.0
2021-06-23 09:30:00-04:00,198551.68869781488,198551.68869781488,0.0
2021-06-24 09:30:00-04:00,198551.68869781488,198551.68869781488,0.0
2021-06-25 09:30:00-04:00,198551.68869781488,198551.68869781488,0.0
2021-06-26 09:30:00-04:00,198551.68869781488,198551.68869781488,0.0
2021-06-28 09:30:00-04:00,198551.68869781488,198551.68869781488,0.0
2021-06-29 09:30:00-04:00,198551.68869781488,198551.68869781488,0.0
2021-06-30 09:30:00-04:00,198551.68869781488,198551.68869781488,0.0
2021-07-01 09:30:00-04:00,198551.68869781488,198551.68869781488,0.0
2021-07-02 09:30:00-04:00,198551.68869781488,198551.68869781488,0.0
2021-07-03 09:30:00-04:00,198551.68869781488,198551.68869781488,0.0
2021-07-06 09:30:00-04:00,198551.68869781488,198551.68869781488,0.0
2021-07-07 09:30:00-04:00,198551.68869781488,198551.68869781488,0.0
2021-07-08 09:30:00-04:00,198551.68869781488,198551.68869781488,0.0
2021-07-09 09:30:00-04:00,198551.68869781488,198551.68869781488,0.0
2021-07-10 09:30:00-04:00,198551.68869781488,198551.68869781488,0.0
2021-07-12 09:30:00-04:00,198551.68869781488,198551.68869781488,0.0
2021-07-13 09:30:00-04:00,198551.68869781488,198551.68869781488,0.0
2021-07-14 09:30:00-04:00,198551.68869781488,198551.68869781488,0.0
2021-07-15 09:30:00-04:00,198551.68869781488,198551.68869781488,0.0
2021-07-16 09:30:00-04:00,198551.68869781488,198551.68869781488,0.0
2021-07-17 09:30:00-04:00,198551.68869781488,297961.9709243774,0.0
2021-07-19 09:30:00-04:00,200906.93259429926,297961.9709243774,0.011862119692514606
2021-07-20 09:30:00-04:00,199388.45175933832,297961.9709243774,-0.007558130599839896
2021-07-21 09:30:00-04:00,198841.25315093988,297961.9709243774,-0.0027443846600448962
2021-07-22 09:30:00-04:00,198207.4134292602,297961.9709243774,-0.0031876671044641647
2021-07-23 09:30:00-04:00,198207.4134292602,297961.9709243774,0.0
2021-07-24 09:30:00-04:00,198207.4134292602,297961.9709243774,0.0
2021-07-26 09:30:00-04:00,197662.49008941645,297961.9709243774,-0.002749258115101849
2021-07-27 09:30:00-04:00,197714.93259429926,297961.9709243774,0.0002653133877807967
2021-07-28 09:30:00-04:00,197683.0092544555,297961.9709243774,-0.0001614614507102763
2021-07-29 09:30:00-04:00,198118.49008941645,297961.9709243774,0.002202924958514707
2021-07-30 09:30:00-04:00,198118.49008941645,297961.9709243774,0.0
2021-07-31 09:30:00-04:00,198118.49008941645,297961.9709243774,0.0
2021-08-02 09:30:00-04:00,197997.65036773676,297961.9709243774,-0.0006099366173503151
2021-08-03 09:30:00-04:00,197692.1312026977,297961.9709243774,-0.0015430443971008456
2021-08-04 09:30:00-04:00,197591.81064605707,297961.9709243774,-0.0005074585216432448
2021-08-05 09:30:00-04:00,197163.16953277582,297961.9709243774,-0.002169326309019337
2021-08-06 09:30:00-04:00,197163.16953277582,297961.9709243774,0.0
2021-08-07 09:30:00-04:00,197163.16953277582,297961.9709243774,0.0
2021-08-09 09:30:00-04:00,197046.89426422113,297961.9709243774,-0.0005897413235455007
2021-08-10 09:30:00-04:00,196771.0092544555,297961.9709243774,-0.0014000982395372397
2021-08-11 09:30:00-04:00,196816.61203765863,297961.9709243774,0.00023175559944488278
2021-08-12 09:30:00-04:00,196367.45175933832,297961.9709243774,-0.0022821258514214016
2021-08-13 09:30:00-04:00,196367.45175933832,297961.9709243774,0.0
2021-08-14 09:30:00-04:00,196367.45175933832,297961.9709243774,0.0
2021-08-16 09:30:00-04:00,196675.25315093988,297961.9709243774,0.0015674766303876986
2021-08-17 09:30:00-04:00,196967.09287261957,297961.9709243774,0.0014838660024791839
2021-08-18 09:30:00-04:00,198492.4134292602,297961.9709243774,0.007744037516089319
2021-08-19 09:30:00-04:00,197589.52841949457,297961.9709243774,-0.004548712941552346
2021-08-20 09:30:00-04:00,197589.52841949457,297961.9709243774,0.0
2021-08-21 09:30:00-04:00,197589.52841949457,297961.9709243774,0.0
2021-08-23 09:30:00-04:00,195824.81064605707,297961.9709243774,-0.008931231262877981
2021-08-24 09:30:00-04:00,195779.20786285395,297961.9709243774,-0.00023287541069327844
2021-08-25 09:30:00-04:00,195678.89426422113,297961.9709243774,-0.0005123812672849226
2021-08-26 09:30:00-04:00,196018.61203765863,297961.9709243774,0.0017360981863419056
2021-08-27 09:30:00-04:00,196018.61203765863,297961.9709243774,0.0
2021-08-28 09:30:00-04:00,196018.61203765863,297961.9709243774,0.0
2021-08-30 09:30:00-04:00,194876.32981109613,297961.9709243774,-0.005827417175788607
2021-08-31 09:30:00-04:00,194778.291481018,297961.9709243774,-0.0005030797232951079
2021-09-01 09:30:00-04:00,194605.0092544555,297961.9709243774,-0.0008896382920546841
2021-09-02 09:30:00-04:00,194910.52841949457,297961.9709243774,0.0015699450194499587
2021-09-03 09:30:00-04:00,194910.52841949457,297961.9709243774,0.0
2021-09-04 09:30:00-04:00,194910.52841949457,297961.9709243774,0.0
2021-09-07 09:30:00-04:00,195159.04758453363,297961.9709243774,0.0012750422824989727
2021-09-08 09:30:00-04:00,195202.36814117426,297961.9709243774,0.00022197565102310968
2021-09-09 09:30:00-04:00,195124.8489761352,297961.9709243774,-0.00039712205224373687
2021-09-10 09:30:00-04:00,195124.8489761352,297961.9709243774,0.0
2021-09-11 09:30:00-04:00,195124.8489761352,297961.9709243774,0.0
2021-09-13 09:30:00-04:00,195790.61203765863,297961.9709243774,0.0034119850189089362
2021-09-14 09:30:00-04:00,196588.61203765863,297961.9709243774,0.004075782754315638
2021-09-15 09:30:00-04:00,195973.0092544555,297961.9709243774,-0.003131426468819032
2021-09-16 09:30:00-04:00,196520.20786285395,297961.9709243774,0.0027922141445915205
2021-09-17 09:30:00-04:00,196520.20786285395,297961.9709243774,0.0
2021-09-18 09:30:00-04:00,196520.20786285395,297961.9709243774,0.0
2021-09-20 09:30:00-04:00,198433.1312026977,297961.9709243774,0.00973397779621088
2021-09-21 09:30:00-04:00,198542.5737075805,297961.9709243774,0.0005515334270012051
2021-09-22 09:30:00-04:00,197676.16953277582,297961.9709243774,-0.0043638206084744
2021-09-23 09:30:00-04:00,197313.65036773676,297961.9709243774,-0.001833904237905415
2021-09-24 09:30:00-04:00,197313.65036773676,297961.9709243774,0.0
2021-09-25 09:30:00-04:00,197313.65036773676,297961.9709243774,0.0
2021-09-27 09:30:00-04:00,197712.65036773676,297961.9709243774,0.0020221611594350986
2021-09-28 09:30:00-04:00,198738.65036773676,297961.9709243774,0.005189349280846134
2021-09-29 09:30:00-04:00,198549.4134292602,297961.9709243774,-0.0009521899143745127
2021-09-30 09:30:00-04:00,199698.52841949457,297961.9709243774,0.0057875516748568945
2021-10-01 09:30:00-04:00,199698.52841949457,297961.9709243774,0.0
2021-10-02 09:30:00-04:00,199698.52841949457,297961.9709243774,0.0
2021-10-04 09:30:00-04:00,199867.25315093988,297961.9709243774,0.0008448972197274696
2021-10-05 09:30:00-04:00,200088.4134292602,297961.9709243774,0.0011065358373305578
2021-10-06 09:30:00-04:00,198009.04758453363,297961.9709243774,-0.010392235157892893
2021-10-07 09:30:00-04:00,197760.52841949457,297961.9709243774,-0.0012550899470034071
2021-10-08 09:30:00-04:00,197760.52841949457,297961.9709243774,0.0
2021-10-09 09:30:00-04:00,197760.52841949457,297961.9709243774,0.0
2021-10-11 09:30:00-04:00,198629.20786285395,297961.9709243774,0.00439258253556396
2021-10-12 09:30:00-04:00,198848.09287261957,297961.9709243774,0.0011019779624592552
2021-10-13 09:30:00-04:00,197851.73398590082,297961.9709243774,-0.005010653470823079
2021-10-14 09:30:00-04:00,196558.97092437738,297961.9709243774,-0.0065339991491586424
2021-10-15 09:30:00-04:00,196558.97092437738,297961.9709243774,0.0
2021-10-16 09:30:00-04:00,196558.97092437738,297961.9709243774,0.0
2021-10-18 09:30:00-04:00,195608.20786285395,297961.9709243774,-0.004837037236469999
2021-10-19 09:30:00-04:00,195104.32981109613,297961.9709243774,-0.002575955565786381
2021-10-20 09:30:00-04:00,194958.4134292602,297961.9709243774,-0.0007478889985538251
2021-10-21 09:30:00-04:00,194648.32981109613,297961.9709243774,-0.0015905116004474307
2021-10-22 09:30:00-04:00,194648.32981109613,297961.9709243774,0.0
2021-10-23 09:30:00-04:00,194648.32981109613,297961.9709243774,0.0
2021-10-25 09:30:00-04:00,193581.17458648677,193581.17458648677,-0.005482478198734264
2021-10-26 09:30:00-04:00,193581.17458648677,193581.17458648677,0.0
2021-10-27 09:30:00-04:00,193581.17458648677,193581.17458648677,0.0
2021-10-28 09:30:00-04:00,193581.17458648677,193581.17458648677,0.0
2021-10-29 09:30:00-04:00,193581.17458648677,193581.17458648677,0.0
2021-10-30 09:30:00-04:00,193581.17458648677,193581.17458648677,0.0
2021-11-01 09:30:00-04:00,193581.17458648677,193581.17458648677,0.0
2021-11-02 09:30:00-04:00,193581.17458648677,193581.17458648677,0.0
2021-11-03 09:30:00-04:00,193581.17458648677,193581.17458648677,0.0
2021-11-04 09:30:00-04:00,193581.17458648677,193581.17458648677,0.0
2021-11-05 09:30:00-04:00,193581.17458648677,193581.17458648677,0.0
2021-11-06 09:30:00-04:00,193581.17458648677,193581.17458648677,0.0
2021-11-08 09:30:00-05:00,193581.17458648677,193581.17458648677,0.0
2021-11-09 09:30:00-05:00,193581.17458648677,193581.17458648677,0.0
2021-11-10 09:30:00-05:00,193581.17458648677,193581.17458648677,0.0
2021-11-11 09:30:00-05:00,193581.17458648677,193581.17458648677,0.0
2021-11-12 09:30:00-05:00,193581.17458648677,193581.17458648677,0.0
2021-11-13 09:30:00-05:00,193581.17458648677,193581.17458648677,0.0
2021-11-15 09:30:00-05:00,193581.17458648677,193581.17458648677,0.0
2021-11-16 09:30:00-05:00,193581.17458648677,193581.17458648677,0.0
2021-11-17 09:30:00-05:00,193581.17458648677,193581.17458648677,0.0
2021-11-18 09:30:00-05:00,193581.17458648677,193581.17458648677,0.0
2021-11-19 09:30:00-05:00,193581.17458648677,193581.17458648677,0.0
2021-11-20 09:30:00-05:00,193581.17458648677,193581.17458648677,0.0
2021-11-22 09:30:00-05:00,193581.17458648677,193581.17458648677,0.0
2021-11-23 09:30:00-05:00,193581.17458648677,193581.17458648677,0.0
2021-11-24 09:30:00-05:00,193581.17458648677,193581.17458648677,0.0
2021-11-25 09:30:00-05:00,193581.17458648677,193581.17458648677,0.0
2021-11-26 09:30:00-05:00,193581.17458648677,193581.17458648677,0.0
2021-11-27 09:30:00-05:00,193581.17458648677,193581.17458648677,0.0
2021-11-29 09:30:00-05:00,193581.17458648677,193581.17458648677,0.0
2021-11-30 09:30:00-05:00,193581.17458648677,193581.17458648677,0.0
2021-12-01 09:30:00-05:00,193581.17458648677,193581.17458648677,0.0
2021-12-02 09:30:00-05:00,193581.17458648677,193581.17458648677,0.0
2021-12-03 09:30:00-05:00,193581.17458648677,193581.17458648677,0.0
2021-12-04 09:30:00-05:00,193581.17458648677,193581.17458648677,0.0
2021-12-06 09:30:00-05:00,193581.17458648677,193581.17458648677,0.0
2021-12-07 09:30:00-05:00,193581.17458648677,193581.17458648677,0.0
2021-12-08 09:30:00-05:00,193581.17458648677,193581.17458648677,0.0
2021-12-09 09:30:00-05:00,193581.17458648677,193581.17458648677,0.0
2021-12-10 09:30:00-05:00,193581.17458648677,193581.17458648677,0.0
2021-12-11 09:30:00-05:00,193581.17458648677,193581.17458648677,0.0
2021-12-13 09:30:00-05:00,193581.17458648677,193581.17458648677,0.0
2021-12-14 09:30:00-05:00,193581.17458648677,193581.17458648677,0.0
2021-12-15 09:30:00-05:00,193581.17458648677,193581.17458648677,0.0
2021-12-16 09:30:00-05:00,193581.17458648677,193581.17458648677,0.0
2021-12-17 09:30:00-05:00,193581.17458648677,193581.17458648677,0.0
2021-12-18 09:30:00-05:00,193581.17458648677,193581.17458648677,0.0
2021-12-20 09:30:00-05:00,193581.17458648677,193581.17458648677,0.0
2021-12-21 09:30:00-05:00,193581.17458648677,193581.17458648677,0.0
2021-12-22 09:30:00-05:00,193581.17458648677,193581.17458648677,0.0
2021-12-23 09:30:00-05:00,193581.17458648677,193581.17458648677,0.0
2021-12-24 09:30:00-05:00,193581.17458648677,193581.17458648677,0.0
2021-12-27 09:30:00-05:00,193581.17458648677,193581.17458648677,0.0
2021-12-28 09:30:00-05:00,193581.17458648677,193581.17458648677,0.0
2021-12-29 09:30:00-05:00,193581.17458648677,193581.17458648677,0.0
2021-12-30 09:30:00-05:00,193581.17458648677,193581.17458648677,0.0
2021-12-31 09:30:00-05:00,193581.17458648677,193581.17458648677,0.0
2022-01-01 09:30:00-05:00,193581.17458648677,193581.17458648677,0.0
2022-01-03 09:30:00-05:00,193581.17458648677,193581.17458648677,0.0
2022-01-04 09:30:00-05:00,193581.17458648677,193581.17458648677,0.0
2022-01-05 09:30:00-05:00,193581.17458648677,193581.17458648677,0.0
2022-01-06 09:30:00-05:00,193581.17458648677,193581.17458648677,0.0
2022-01-07 09:30:00-05:00,193581.17458648677,193581.17458648677,0.0
2022-01-08 09:30:00-05:00,193581.17458648677,193581.17458648677,0.0
2022-01-10 09:30:00-05:00,193581.17458648677,193581.17458648677,0.0
2022-01-11 09:30:00-05:00,193581.17458648677,193581.17458648677,0.0
2022-01-12 09:30:00-05:00,193581.17458648677,193581.17458648677,0.0
2022-01-13 09:30:00-05:00,193581.17458648677,193581.17458648677,0.0
2022-01-14 09:30:00-05:00,193581.17458648677,193581.17458648677,0.0
2022-01-15 09:30:00-05:00,193581.17458648677,193581.17458648677,0.0
2022-01-18 09:30:00-05:00,193581.17458648677,193581.17458648677,0.0
2022-01-19 09:30:00-05:00,193581.17458648677,193581.17458648677,0.0
2022-01-20 09:30:00-05:00,193581.17458648677,193581.17458648677,0.0
2022-01-21 09:30:00-05:00,193581.17458648677,193581.17458648677,0.0
2022-01-22 09:30:00-05:00,193581.17458648677,290267.6940567016,0.0
2022-01-24 09:30:00-05:00,196517.1843215942,290267.6940567016,0.015166814342247426
2022-01-25 09:30:00-05:00,196293.67458648677,290267.6940567016,-0.001137354658723666
2022-01-26 09:30:00-05:00,194631.45379180904,290267.6940567016,-0.008468030353904088
2022-01-27 09:30:00-05:00,195165.271937561,290267.6940567016,0.002742712626105037
2022-01-28 09:30:00-05:00,196376.13564605708,290267.6940567016,0.006204299035760252
2022-01-29 09:30:00-05:00,196376.13564605708,290267.6940567016,0.0
2022-01-31 09:30:00-05:00,194518.61617584224,290267.6940567016,-0.009458987794539242
2022-02-01 09:30:00-05:00,192470.13564605708,290267.6940567016,-0.010531025616249301
2022-02-02 09:30:00-05:00,191424.1940567016,290267.6940567016,-0.005434305877348722
2022-02-03 09:30:00-05:00,192411.54140777583,290267.6940567016,0.0051579026148689255
2022-02-04 09:30:00-05:00,193409.74273223872,290267.6940567016,0.005187845371226629
2022-02-05 09:30:00-05:00,193409.74273223872,290267.6940567016,0.0
2022-02-07 09:30:00-05:00,192724.021937561,290267.6940567016,-0.003545430467931876
2022-02-08 09:30:00-05:00,193327.2816726684,290267.6940567016,0.0031301740646678677
2022-02-09 09:30:00-05:00,191484.95379180904,290267.6940567016,-0.009529580434378127
2022-02-10 09:30:00-05:00,192326.91485137935,290267.6940567016,0.00439700897066686
2022-02-11 09:30:00-05:00,192745.72326202388,290267.6940567016,0.0021775860698860505
2022-02-12 09:30:00-05:00,192745.72326202388,290267.6940567016,0.0
2022-02-14 09:30:00-05:00,194805.05114288325,290267.6940567016,0.010684168997409538
2022-02-15 09:30:00-05:00,193978.2816726684,290267.6940567016,-0.0042440864103079345
2022-02-16 09:30:00-05:00,193934.88564605708,290267.6940567016,-0.0002237159038482872
2022-02-17 09:30:00-05:00,194088.95379180904,290267.6940567016,0.0007944323438184853
2022-02-18 09:30:00-05:00,195367.08697051997,290267.6940567016,0.006585295833383409
2022-02-19 09:30:00-05:00,195367.08697051997,290267.6940567016,0.0
2022-02-22 09:30:00-05:00,196547.56087799068,290267.6940567016,0.006042337661761987
2022-02-23 09:30:00-05:00,196380.47326202388,290267.6940567016,-0.0008501128949166548
2022-02-24 09:30:00-05:00,201076.35644073482,290267.6940567016,0.023912169579331843
2022-02-25 09:30:00-05:00,197042.32723541255,290267.6940567016,-0.02006217576610636
2022-02-26 09:30:00-05:00,197042.32723541255,290267.6940567016,0.0
2022-02-28 09:30:00-05:00,196517.1843215942,290267.6940567016,-0.0026651274433586725
2022-03-01 09:30:00-05:00,195864.01220245357,290267.6940567016,-0.0033237404728521103
2022-03-02 09:30:00-05:00,196443.40511627193,290267.6940567016,0.002958138696860013
2022-03-03 09:30:00-05:00,194685.70379180904,290267.6940567016,-0.008947621954641494
2022-03-04 09:30:00-05:00,196577.9440567016,290267.6940567016,0.009719461819939657
2022-03-05 09:30:00-05:00,196577.9440567016,435335.6940567016,0.0
2022-03-07 09:30:00-05:00,196688.5508071899,435335.6940567016,0.0005626610402251764
2022-03-08 09:30:00-05:00,203285.83675689693,435335.6940567016,0.033541789405801437
2022-03-09 09:30:00-05:00,200233.26595611568,435335.6940567016,-0.015016150901017822
2022-03-10 09:30:00-05:00,201682.14013214107,435335.6940567016,0.007235931397847395
2022-03-11 09:30:00-05:00,198585.33675689693,435335.6940567016,-0.015354871647113244
2022-03-12 09:30:00-05:00,198585.33675689693,435335.6940567016,0.0
2022-03-14 09:30:00-04:00,203202.89013214107,435335.6940567016,0.02325223730338566
2022-03-15 09:30:00-04:00,197606.51595611568,435335.6940567016,-0.027540819780595194
2022-03-16 09:30:00-04:00,195560.4260818481,435335.6940567016,-0.010354364401232496
2022-03-17 09:30:00-04:00,193121.6940567016,435335.6940567016,-0.012470478173972732
2022-03-18 09:30:00-04:00,193121.6940567016,435335.6940567016,0.0
2022-03-19 09:30:00-04:00,193121.6940567016,653021.6940567016,0.0
2022-03-21 09:30:00-04:00,184868.709437561,653021.6940567016,-0.04273463247851117
2022-03-22 09:30:00-04:00,183766.19021148677,653021.6940567016,-0.005963795763103907
2022-03-23 09:30:00-04:00,184784.69149322505,653021.6940567016,0.005542375779604258
2022-03-24 09:30:00-04:00,179303.69021148677,653021.6940567016,-0.029661554955916047
2022-03-25 09:30:00-04:00,179303.69021148677,979661.5367080688,0.0
2022-03-26 09:30:00-04:00,179303.69021148677,979661.5367080688,0.0
2022-03-28 09:30:00-04:00,163586.0761978149,596464.8858596801,-0.0876591775391411
2022-03-29 09:30:00-04:00,163284.94930572505,596464.8858596801,-0.0018407855918355365
2022-03-30 09:30:00-04:00,165590.38207550044,596464.8858596801,0.014119076985220635
2022-03-31 09:30:00-04:00,169900.1781570434,596464.8858596801,0.026026850276714253
2022-04-01 09:30:00-04:00,169900.1781570434,596464.8858596801,0.0
2022-04-02 09:30:00-04:00,169900.1781570434,596464.8858596801,0.0
2022-04-04 09:30:00-04:00,168102.8647109985,596464.8858596801,-0.010578643680900779
2022-04-05 09:30:00-04:00,175941.38207550044,596464.8858596801,0.04662929080939748
2022-04-06 09:30:00-04:00,177164.69930572505,596464.8858596801,0.006952981815839365
2022-04-07 09:30:00-04:00,174925.1147109985,596464.8858596801,-0.012641257561484154
2022-04-08 09:30:00-04:00,174925.1147109985,596464.8858596801,0.0
2022-04-09 09:30:00-04:00,174925.1147109985,596464.8858596801,0.0
2022-04-11 09:30:00-04:00,179526.61849517818,596464.8858596801,0.026305563908201712
2022-04-12 09:30:00-04:00,184278.65700836177,596464.8858596801,0.026469826887043135
2022-04-13 09:30:00-04:00,179084.34734649654,596464.8858596801,-0.028187255899252306
2022-04-14 09:30:00-04:00,179084.34734649654,596464.8858596801,0.0
2022-04-15 09:30:00-04:00,179084.34734649654,596464.8858596801,0.0
2022-04-18 09:30:00-04:00,184438.63964385982,596464.8858596801,0.029898159033428406
2022-04-19 09:30:00-04:00,175913.15322418208,596464.8858596801,-0.04622397148525903
2022-04-20 09:30:00-04:00,174388.73781890864,596464.8858596801,-0.008665727248551636
2022-04-21 09:30:00-04:00,185332.5724136352,596464.8858596801,0.06275539769139815
2022-04-22 09:30:00-04:00,185332.5724136352,596464.8858596801,0.0
2022-04-23 09:30:00-04:00,185332.5724136352,894874.4183609008,0.0
2022-04-25 09:30:00-04:00,203326.52016754146,894874.4183609008,0.0970900447750025
2022-04-26 09:30:00-04:00,217276.67422027583,894874.4183609008,0.06860961394135612
2022-04-27 09:30:00-04:00,209075.4444839477,894874.4183609008,-0.03774555996753559
2022-04-28 09:30:00-04:00,205586.27724761958,1342501.827418518,-0.016688555870060684
2022-04-29 09:30:00-04:00,205586.27724761958,2013891.9716140747,0.0
2022-04-30 09:30:00-04:00,205586.27724761958,2013891.9716140747,0.0
2022-05-02 09:30:00-04:00,242214.23992462154,2013891.9716140747,0.17816346094387026
2022-05-03 09:30:00-04:00,233377.5089370727,2013891.9716140747,-0.03648311920182257
2022-05-04 09:30:00-04:00,201488.07372589107,2013891.9716140747,-0.1366431382202311
2022-05-05 09:30:00-04:00,258906.04555816646,2013891.9716140747,0.28496958043476117
2022-05-06 09:30:00-04:00,258906.04555816646,2013891.9716140747,0.0
2022-05-07 09:30:00-04:00,258906.04555816646,2013891.9716140747,0.0
2022-05-09 09:30:00-04:00,287124.2033035278,2013891.9716140747,0.1089899530330658
2022-05-10 09:30:00-04:00,314531.1103469848,2013891.9716140747,0.0954531409338708
2022-05-11 09:30:00-04:00,351671.4624588012,2013891.9716140747,0.11808164881001404
2022-05-12 09:30:00-04:00,320337.01809234614,2013891.9716140747,-0.08910147029665783
2022-05-13 09:30:00-04:00,320337.01809234614,2013891.9716140747,0.0
2022-05-14 09:30:00-04:00,320337.01809234614,2013891.9716140747,0.0
2022-05-16 09:30:00-04:00,278415.4068252563,2013891.9716140747,-0.13086720828188758
2022-05-17 09:30:00-04:00,291350.47161407466,2013891.9716140747,0.046459586904028294
2022-05-18 09:30:00-04:00,354873.2124588012,2013891.9716140747,0.21802861856653988
2022-05-19 09:30:00-04:00,335107.72161407466,2013891.9716140747,-0.055697331189857646
2022-05-20 09:30:00-04:00,335107.72161407466,2013891.9716140747,0.0
2022-05-21 09:30:00-04:00,335107.72161407466,2013891.9716140747,0.0
2022-05-23 09:30:00-04:00,338053.34203643794,2013891.9716140747,0.008790070274046435
2022-05-24 09:30:00-04:00,339120.59203643794,2013891.9716140747,0.003157046144170339
2022-05-25 09:30:00-04:00,311969.6842910766,2013891.9716140747,-0.08006269269087618
2022-05-26 09:30:00-04:00,272524.16598052974,2013891.9716140747,-0.12644022896065465
2022-05-27 09:30:00-04:00,272524.16598052974,2013891.9716140747,0.0
2022-05-28 09:30:00-04:00,272524.16598052974,2013891.9716140747,0.0
2022-05-31 09:30:00-04:00,241531.1842910766,2013891.9716140747,-0.1137256271492173
2022-06-01 09:30:00-04:00,266077.9342910766,2013891.9716140747,0.10162973394945962
2022-06-02 09:30:00-04:00,253356.39766998286,2013891.9716140747,-0.04781131759380319
2022-06-03 09:30:00-04:00,253356.39766998286,2013891.9716140747,0.0
2022-06-04 09:30:00-04:00,253356.39766998286,2013891.9716140747,0.0
2022-06-06 09:30:00-04:00,271713.04555816646,2013891.9716140747,0.07245385574235463
2022-06-07 09:30:00-04:00,246824.8328811645,2013891.9716140747,-0.09159741530214471
2022-06-08 09:30:00-04:00,266419.5272476196,2013891.9716140747,0.07938704601853841
2022-06-09 09:30:00-04:00,328149.2307693481,2013891.9716140747,0.2317011225095178
2022-06-10 09:30:00-04:00,328149.2307693481,2013891.9716140747,0.0
2022-06-11 09:30:00-04:00,328149.23076934833,3020835.984065247,6.661338147750939e-16
2022-06-13 09:30:00-04:00,451095.7924453737,3020835.984065247,0.37466661551446045
2022-06-14 09:30:00-04:00,447618.2439529421,3020835.984065247,-0.007709113121139866
2022-06-15 09:30:00-04:00,494328.2274734499,3020835.984065247,0.10435227820030146
2022-06-16 09:30:00-04:00,528423.2274734499,3020835.984065247,0.06897239142960165
2022-06-17 09:30:00-04:00,528423.2274734499,3020835.984065247,0.0
2022-06-18 09:30:00-04:00,528423.2274734499,3020835.984065247,0.0
2022-06-21 09:30:00-04:00,493578.2373611452,3020835.984065247,-0.06594144295834425
2022-06-22 09:30:00-04:00,452527.72417755146,3020835.984065247,-0.08316921224700913
2022-06-23 09:30:00-04:00,420069.4256851198,3020835.984065247,-0.07172665177901116
2022-06-24 09:30:00-04:00,420069.4256851198,3020835.984065247,0.0
2022-06-25 09:30:00-04:00,420069.4256851198,3020835.984065247,0.0
2022-06-27 09:30:00-04:00,359857.5391494753,3020835.984065247,-0.14333794095450025
2022-06-28 09:30:00-04:00,421228.5391494753,3020835.984065247,0.17054248785519577
2022-06-29 09:30:00-04:00,455255.49065704364,3020835.984065247,0.08078026141408645
2022-06-30 09:30:00-04:00,453073.360713196,3020835.984065247,-0.004793198519579267
2022-07-01 09:30:00-04:00,453073.360713196,3020835.984065247,0.0
2022-07-02 09:30:00-04:00,453073.360713196,3020835.984065247,0.0
2022-07-05 09:30:00-04:00,415227.9939529421,3020835.984065247,-0.0835303287323722
2022-07-06 09:30:00-04:00,394702.7373611452,3020835.984065247,-0.04943129290585113
2022-07-07 09:30:00-04:00,380041.92898101825,3020835.984065247,-0.037143923749159646
2022-07-08 09:30:00-04:00,380041.92898101825,3020835.984065247,0.0
2022-07-09 09:30:00-04:00,380041.92898101825,-1130311.028172302,0.0
2022-07-11 09:30:00-04:00,365923.948023987,-1130311.028172302,-0.037148482523717496
2022-07-12 09:30:00-04:00,332578.9956314089,-1130311.028172302,-0.09112536244933689
2022-07-13 09:30:00-04:00,326767.9146987917,-1130311.028172302,-0.01747278393689511
2022-07-14 09:30:00-04:00,361633.92422027607,-1130311.028172302,0.10669961141571438
2022-07-15 09:30:00-04:00,361633.92422027607,-1130311.028172302,0.0
2022-07-16 09:30:00-04:00,361633.92422027607,-1130311.028172302,0.0
2022-07-18 09:30:00-04:00,375400.9194595339,-1130311.028172302,0.038068871079893984
2022-07-19 09:30:00-04:00,400321.9765884401,-1130311.028172302,0.06638517871715699
2022-07-20 09:30:00-04:00,406912.9861099245,-1130311.028172302,0.01646427102916803
2022-07-21 09:30:00-04:00,425477.024195862,-1130311.028172302,0.04562164079207487
2022-07-22 09:30:00-04:00,425477.024195862,-1130311.028172302,0.0
2022-07-23 09:30:00-04:00,425477.024195862,-1130311.028172302,0.0
2022-07-25 09:30:00-04:00,405664.9575454714,-1130311.028172302,-0.046564363111815
2022-07-26 09:30:00-04:00,407692.9146987917,-1130311.028172302,0.00499909374867058
2022-07-27 09:30:00-04:00,437060.0289566042,-1130311.028172302,0.07203243715802432
2022-07-28 09:30:00-04:00,459250.9194595339,-1130311.028172302,0.05077309530204843
2022-07-29 09:30:00-04:00,459250.9194595339,-1130311.028172302,0.0
2022-07-30 09:30:00-04:00,459250.9194595339,-1130311.028172302,0.0
2022-08-01 09:30:00-04:00,465256.9527847292,-1130311.028172302,0.013077890692659855
2022-08-02 09:30:00-04:00,469858.92422027607,-1130311.028172302,0.009891246993736225
2022-08-03 09:30:00-04:00,485731.9527847292,-1130311.028172302,0.033782541410263045
2022-08-04 09:30:00-04:00,467362.9861099245,-1130311.028172302,-0.037817085265843375
2022-08-05 09:30:00-04:00,467362.9861099245,-1130311.028172302,0.0
2022-08-06 09:30:00-04:00,467362.9861099245,-1130311.028172302,0.0
2022-08-08 09:30:00-04:00,477346.9765884401,-1130311.028172302,0.021362390208982784
2022-08-09 09:30:00-04:00,502930.96706695575,-1130311.028172302,0.053596213516135194
2022-08-10 09:30:00-04:00,519349.93374176044,-1130311.028172302,0.03264656135723465
2022-08-11 09:30:00-04:00,515605.96706695575,-1130311.028172302,-0.007208948016668715
2022-08-12 09:30:00-04:00,515605.96706695575,-1130311.028172302,0.0
2022-08-13 09:30:00-04:00,515605.96706695575,-1130311.028172302,0.0
2022-08-15 09:30:00-04:00,537836.0146743776,-1130311.028172302,0.04311441105671898
2022-08-16 09:30:00-04:00,530737.9861099245,-1130311.028172302,-0.013197384278459845
2022-08-17 09:30:00-04:00,534442.9146987917,-1130311.028172302,0.006980711171669984
2022-08-18 09:30:00-04:00,527111.0146743776,-1130311.028172302,-0.013718771121788098
2022-08-19 09:30:00-04:00,527111.0146743776,-1130311.028172302,0.0
2022-08-20 09:30:00-04:00,527111.0146743776,-1130311.028172302,0.0
2022-08-22 09:30:00-04:00,479998.948023987,-1130311.028172302,-0.08937788310019301
2022-08-23 09:30:00-04:00,476917.9146987917,-1130311.028172302,-0.006418833495112852
2022-08-24 09:30:00-04:00,489124.93374176044,-1130311.028172302,0.025595639557130845
2022-08-25 09:30:00-04:00,505310.0289566042,-1130311.028172302,0.03308990014274937
2022-08-26 09:30:00-04:00,505310.0289566042,-1130311.028172302,0.0
2022-08-27 09:30:00-04:00,505310.0289566042,-1130311.028172302,0.0
2022-08-29 09:30:00-04:00,444703.9956314089,-1130311.028172302,-0.11993831480118933
2022-08-30 09:30:00-04:00,429415.9432632448,-1130311.028172302,-0.03437804139011047
2022-08-31 09:30:00-04:00,401960.0289566042,-1130311.028172302,-0.0639378084055191
2022-09-01 09:30:00-04:00,430780.96706695575,-1130311.028172302,0.07170100516005062
2022-09-02 09:30:00-04:00,430780.96706695575,-1130311.028172302,0.0
2022-09-03 09:30:00-04:00,430780.96706695575,-1130311.028172302,0.0
2022-09-06 09:30:00-04:00,392365.9432632448,-1130311.028172302,-0.08917530425094233
2022-09-07 09:30:00-04:00,411710.0289566042,-1130311.028172302,0.04930113335647257
2022-09-08 09:30:00-04:00,440374.93374176044,-1130311.028172302,0.06962401391533168
2022-09-09 09:30:00-04:00,440374.93374176044,-1130311.028172302,0.0
2022-09-10 09:30:00-04:00,440374.93374176044,-1130311.028172302,0.0
2022-09-12 09:30:00-04:00,436825.9194595339,-1130311.028172302,-0.008059074234928465
2022-09-13 09:30:00-04:00,408121.9765884401,-1130311.028172302,-0.06571025571607092
2022-09-14 09:30:00-04:00,402232.9385025026,-1130311.028172302,-0.014429602971065103
2022-09-15 09:30:00-04:00,367835.0289566042,-1130311.028172302,-0.08551738620402516
2022-09-16 09:30:00-04:00,367835.0289566042,-1130311.028172302,0.0
2022-09-17 09:30:00-04:00,367835.0289566042,-1130311.028172302,0.0
2022-09-19 09:30:00-04:00,371422.96230621357,-1130311.028172302,0.009754191599932405
2022-09-20 09:30:00-04:00,375517.9146987917,-1130311.028172302,0.011025038320603642
2022-09-21 09:30:00-04:00,338350.9194595339,-1130311.028172302,-0.09897529194864108
2022-09-22 09:30:00-04:00,314950.9194595339,-1130311.028172302,-0.06915896678329725
2022-09-23 09:30:00-04:00,304524.28112335224,304524.28112335224,-0.03310559738664709
2022-09-24 09:30:00-04:00,304524.28112335224,304524.28112335224,0.0
2022-09-26 09:30:00-04:00,304524.28112335224,304524.28112335224,0.0
2022-09-27 09:30:00-04:00,304524.28112335224,304524.28112335224,0.0
2022-09-28 09:30:00-04:00,303508.5441848757,456835.12316436786,-0.0033354875175458654
2022-09-29 09:30:00-04:00,308723.9643508913,685357.7516433718,0.017183767198457378
2022-09-30 09:30:00-04:00,308723.9643508913,685357.7516433718,0.0
2022-10-01 09:30:00-04:00,308723.9643508913,685357.7516433718,0.0
2022-10-03 09:30:00-04:00,297689.35799713153,685357.7516433718,-0.03574262975328335
2022-10-04 09:30:00-04:00,296658.74639434833,685357.7516433718,-0.0034620371037689113
2022-10-05 09:30:00-04:00,294337.3367263796,685357.7516433718,-0.007825185322137496
2022-10-06 09:30:00-04:00,301259.9803726198,685357.7516433718,0.02351942068659696
2022-10-07 09:30:00-04:00,301259.9803726198,685357.7516433718,0.0
2022-10-08 09:30:00-04:00,301259.9803726198,685357.7516433718,0.0
2022-10-10 09:30:00-04:00,312429.9218093874,685357.7516433718,0.0370774154036384
2022-10-11 09:30:00-04:00,312502.7676651003,685357.7516433718,0.0002331590242414805
2022-10-12 09:30:00-04:00,321830.15053863544,685357.7516433718,0.029847360851315896
2022-10-13 09:30:00-04:00,301697.2143508913,685357.7516433718,-0.06255764462729296
2022-10-14 09:30:00-04:00,301697.2143508913,685357.7516433718,0.0
2022-10-15 09:30:00-04:00,301697.2143508913,685357.7516433718,0.0
2022-10-17 09:30:00-04:00,294847.41656036396,685357.7516433718,-0.022704212915140243
2022-10-18 09:30:00-04:00,301239.1718093874,685357.7516433718,0.02167817959400309
2022-10-19 09:30:00-04:00,302238.5229141237,685357.7516433718,0.003317467309227329
2022-10-20 09:30:00-04:00,305267.8367263796,685357.7516433718,0.010022924222391705
2022-10-21 09:30:00-04:00,305267.8367263796,685357.7516433718,0.0
2022-10-22 09:30:00-04:00,305267.8367263796,685357.7516433718,0.0
2022-10-24 09:30:00-04:00,285482.6075973513,285482.6075973513,-0.06481268823207975
2022-10-25 09:30:00-04:00,285482.6075973513,285482.6075973513,0.0
2022-10-26 09:30:00-04:00,285482.6075973513,285482.6075973513,0.0
2022-10-27 09:30:00-04:00,285482.6075973513,285482.6075973513,0.0
2022-10-28 09:30:00-04:00,285482.6075973513,285482.6075973513,0.0
2022-10-29 09:30:00-04:00,285482.6075973513,285482.6075973513,0.0
2022-10-31 09:30:00-04:00,285482.6075973513,285482.6075973513,0.0
2022-11-01 09:30:00-04:00,285482.6075973513,285482.6075973513,0.0
2022-11-02 09:30:00-04:00,285482.6075973513,285482.6075973513,0.0
2022-11-03 09:30:00-04:00,285482.6075973513,285482.6075973513,0.0
2022-11-04 09:30:00-04:00,285482.6075973513,285482.6075973513,0.0
2022-11-05 09:30:00-04:00,285482.6075973513,285482.6075973513,0.0
2022-11-07 09:30:00-05:00,285482.6075973513,285482.6075973513,0.0
2022-11-08 09:30:00-05:00,285482.6075973513,285482.6075973513,0.0
2022-11-09 09:30:00-05:00,285482.6075973513,285482.6075973513,0.0
2022-11-10 09:30:00-05:00,285482.6075973513,285482.6075973513,0.0
2022-11-11 09:30:00-05:00,285482.6075973513,285482.6075973513,0.0
2022-11-12 09:30:00-05:00,285482.6075973513,285482.6075973513,0.0
2022-11-14 09:30:00-05:00,285482.6075973513,285482.6075973513,0.0
2022-11-15 09:30:00-05:00,285482.6075973513,285482.6075973513,0.0
2022-11-16 09:30:00-05:00,285482.6075973513,285482.6075973513,0.0
2022-11-17 09:30:00-05:00,285482.6075973513,285482.6075973513,0.0
2022-11-18 09:30:00-05:00,285482.6075973513,285482.6075973513,0.0
2022-11-19 09:30:00-05:00,285482.6075973513,285482.6075973513,0.0
2022-11-21 09:30:00-05:00,285482.6075973513,285482.6075973513,0.0
2022-11-22 09:30:00-05:00,285482.6075973513,285482.6075973513,0.0
2022-11-23 09:30:00-05:00,285482.6075973513,285482.6075973513,0.0
2022-11-24 09:30:00-05:00,285482.6075973513,285482.6075973513,0.0
2022-11-25 09:30:00-05:00,285482.6075973513,285482.6075973513,0.0
2022-11-26 09:30:00-05:00,285482.6075973513,285482.6075973513,0.0
2022-11-28 09:30:00-05:00,285482.6075973513,285482.6075973513,0.0
2022-11-29 09:30:00-05:00,285482.6075973513,285482.6075973513,0.0
2022-11-30 09:30:00-05:00,285482.6075973513,285482.6075973513,0.0
2022-12-01 09:30:00-05:00,285482.6075973513,285482.6075973513,0.0
2022-12-02 09:30:00-05:00,285482.6075973513,285482.6075973513,0.0
2022-12-03 09:30:00-05:00,285482.6075973513,285482.6075973513,0.0
2022-12-05 09:30:00-05:00,285482.6075973513,285482.6075973513,0.0
2022-12-06 09:30:00-05:00,285482.6075973513,285482.6075973513,0.0
2022-12-07 09:30:00-05:00,285482.6075973513,285482.6075973513,0.0
2022-12-08 09:30:00-05:00,285482.6075973513,285482.6075973513,0.0
2022-12-09 09:30:00-05:00,285482.6075973513,285482.6075973513,0.0
2022-12-10 09:30:00-05:00,285482.6075973513,285482.6075973513,0.0
2022-12-12 09:30:00-05:00,285482.6075973513,285482.6075973513,0.0
2022-12-13 09:30:00-05:00,285482.6075973513,285482.6075973513,0.0
2022-12-14 09:30:00-05:00,285482.6075973513,285482.6075973513,0.0
2022-12-15 09:30:00-05:00,285482.6075973513,285482.6075973513,0.0
2022-12-16 09:30:00-05:00,285482.6075973513,285482.6075973513,0.0
2022-12-17 09:30:00-05:00,285482.6075973513,285482.6075973513,0.0
2022-12-19 09:30:00-05:00,285482.6075973513,285482.6075973513,0.0
2022-12-20 09:30:00-05:00,285482.6075973513,285482.6075973513,0.0
2022-12-21 09:30:00-05:00,285482.6075973513,285482.6075973513,0.0
2022-12-22 09:30:00-05:00,285482.6075973513,285482.6075973513,0.0
2022-12-23 09:30:00-05:00,285482.6075973513,285482.6075973513,0.0
2022-12-24 09:30:00-05:00,285482.6075973513,285482.6075973513,0.0
2022-12-27 09:30:00-05:00,285482.6075973513,285482.6075973513,0.0
2022-12-28 09:30:00-05:00,285482.6075973513,285482.6075973513,0.0
2022-12-29 09:30:00-05:00,285482.6075973513,285482.6075973513,0.0
2022-12-30 09:30:00-05:00,285482.6075973513,285482.6075973513,0.0
2022-12-31 09:30:00-05:00,285482.6075973513,285482.6075973513,0.0
2023-01-03 09:30:00-05:00,285482.6075973513,285482.6075973513,0.0
2023-01-04 09:30:00-05:00,285482.6075973513,285482.6075973513,0.0
2023-01-05 09:30:00-05:00,285482.6075973513,285482.6075973513,0.0
2023-01-06 09:30:00-05:00,285482.6075973513,285482.6075973513,0.0
2023-01-07 09:30:00-05:00,285482.6075973513,285482.6075973513,0.0
2023-01-09 09:30:00-05:00,285482.6075973513,285482.6075973513,0.0
2023-01-10 09:30:00-05:00,285482.6075973513,285482.6075973513,0.0
2023-01-11 09:30:00-05:00,285482.6075973513,285482.6075973513,0.0
2023-01-12 09:30:00-05:00,285482.6075973513,285482.6075973513,0.0
2023-01-13 09:30:00-05:00,285482.6075973513,285482.6075973513,0.0
2023-01-14 09:30:00-05:00,285482.6075973513,285482.6075973513,0.0
2023-01-17 09:30:00-05:00,285482.6075973513,285482.6075973513,0.0
2023-01-18 09:30:00-05:00,285482.6075973513,285482.6075973513,0.0
2023-01-19 09:30:00-05:00,285482.6075973513,285482.6075973513,0.0
2023-01-20 09:30:00-05:00,285211.0199813845,428377.72222137474,-0.0009513280625131904
2023-01-21 09:30:00-05:00,285211.0199813845,428377.72222137474,0.0
2023-01-23 09:30:00-05:00,282781.4817733767,428377.72222137474,-0.008518388273238475
2023-01-24 09:30:00-05:00,281988.76042938256,428377.72222137474,-0.002803300057071745
2023-01-25 09:30:00-05:00,283064.0677413943,428377.72222137474,0.0038132984817351723
2023-01-26 09:30:00-05:00,280429.01042938256,428377.72222137474,-0.00930904912459285
2023-01-27 09:30:00-05:00,280234.5008773806,428377.72222137474,-0.0006936142295126402
2023-01-28 09:30:00-05:00,280234.5008773806,428377.72222137474,0.0
2023-01-30 09:30:00-05:00,280550.1267013552,428377.72222137474,0.0011262918127012966
2023-01-31 09:30:00-05:00,281163.01042938256,428377.72222137474,0.0021845783326976953
2023-02-01 09:30:00-05:00,279665.6553573611,428377.72222137474,-0.005325576325757697
2023-02-02 09:30:00-05:00,278337.85186615016,278337.85186615016,-0.004747824646234133
2023-02-03 09:30:00-05:00,278337.85186615016,278337.85186615016,0.0
2023-02-04 09:30:00-05:00,278337.85186615016,278337.85186615016,0.0
2023-02-06 09:30:00-05:00,278337.85186615016,278337.85186615016,0.0
2023-02-07 09:30:00-05:00,278337.85186615016,278337.85186615016,0.0
2023-02-08 09:30:00-05:00,278337.85186615016,278337.85186615016,0.0
2023-02-09 09:30:00-05:00,278337.85186615016,278337.85186615016,0.0
2023-02-10 09:30:00-05:00,278337.85186615016,278337.85186615016,0.0
2023-02-11 09:30:00-05:00,278337.85186615016,278337.85186615016,0.0
2023-02-13 09:30:00-05:00,278337.85186615016,278337.85186615016,0.0
2023-02-14 09:30:00-05:00,278337.85186615016,278337.85186615016,0.0
2023-02-15 09:30:00-05:00,278337.85186615016,278337.85186615016,0.0
2023-02-16 09:30:00-05:00,278337.85186615016,278337.85186615016,0.0
2023-02-17 09:30:00-05:00,278337.85186615016,278337.85186615016,0.0
2023-02-18 09:30:00-05:00,278337.85186615016,278337.85186615016,0.0
2023-02-21 09:30:00-05:00,278337.85186615016,278337.85186615016,0.0
2023-02-22 09:30:00-05:00,278337.85186615016,278337.85186615016,0.0
2023-02-23 09:30:00-05:00,278337.85186615016,278337.85186615016,0.0
2023-02-24 09:30:00-05:00,278337.85186615016,278337.85186615016,0.0
2023-02-25 09:30:00-05:00,278337.85186615016,278337.85186615016,0.0
2023-02-27 09:30:00-05:00,278337.85186615016,278337.85186615016,0.0
2023-02-28 09:30:00-05:00,278337.85186615016,278337.85186615016,0.0
2023-03-01 09:30:00-05:00,278337.85186615016,278337.85186615016,0.0
2023-03-02 09:30:00-05:00,278337.85186615016,278337.85186615016,0.0
2023-03-03 09:30:00-05:00,278337.85186615016,278337.85186615016,0.0
2023-03-04 09:30:00-05:00,278337.85186615016,278337.85186615016,0.0
2023-03-06 09:30:00-05:00,278337.85186615016,278337.85186615016,0.0
2023-03-07 09:30:00-05:00,278337.85186615016,278337.85186615016,0.0
2023-03-08 09:30:00-05:00,278337.85186615016,278337.85186615016,0.0
2023-03-09 09:30:00-05:00,278337.85186615016,278337.85186615016,0.0
2023-03-10 09:30:00-05:00,278337.85186615016,278337.85186615016,0.0
2023-03-11 09:30:00-05:00,278337.85186615016,278337.85186615016,0.0
2023-03-13 09:30:00-04:00,278337.85186615016,278337.85186615016,0.0
2023-03-14 09:30:00-04:00,278337.85186615016,278337.85186615016,0.0
2023-03-15 09:30:00-04:00,278337.85186615016,278337.85186615016,0.0
2023-03-16 09:30:00-04:00,278337.85186615016,278337.85186615016,0.0
2023-03-17 09:30:00-04:00,278337.85186615016,278337.85186615016,0.0
2023-03-18 09:30:00-04:00,278337.85186615016,278337.85186615016,0.0
2023-03-20 09:30:00-04:00,278337.85186615016,278337.85186615016,0.0
2023-03-21 09:30:00-04:00,278337.85186615016,278337.85186615016,0.0
2023-03-22 09:30:00-04:00,278337.85186615016,278337.85186615016,0.0
2023-03-23 09:30:00-04:00,278337.85186615016,278337.85186615016,0.0
2023-03-24 09:30:00-04:00,278337.85186615016,278337.85186615016,0.0
2023-03-25 09:30:00-04:00,278337.85186615016,278337.85186615016,0.0
2023-03-27 09:30:00-04:00,278337.85186615016,278337.85186615016,0.0
2023-03-28 09:30:00-04:00,278337.85186615016,278337.85186615016,0.0
2023-03-29 09:30:00-04:00,278337.85186615016,278337.85186615016,0.0
2023-03-30 09:30:00-04:00,278337.85186615016,278337.85186615016,0.0
2023-03-31 09:30:00-04:00,278337.85186615016,278337.85186615016,0.0
2023-04-01 09:30:00-04:00,278337.85186615016,278337.85186615016,0.0
2023-04-03 09:30:00-04:00,278337.85186615016,278337.85186615016,0.0
2023-04-04 09:30:00-04:00,278337.85186615016,278337.85186615016,0.0
2023-04-05 09:30:00-04:00,278337.85186615016,278337.85186615016,0.0
2023-04-06 09:30:00-04:00,278337.85186615016,278337.85186615016,0.0
2023-04-07 09:30:00-04:00,278337.85186615016,278337.85186615016,0.0
2023-04-10 09:30:00-04:00,278337.85186615016,278337.85186615016,0.0
2023-04-11 09:30:00-04:00,277792.0668319705,417415.99517669703,-0.0019608724811246425
2023-04-12 09:30:00-04:00,278703.9776596072,417415.99517669703,0.0032827101149304205
2023-04-13 09:30:00-04:00,277473.40600433375,417415.99517669703,-0.004415335818336974
2023-04-14 09:30:00-04:00,277473.40600433375,417415.99517669703,0.0
2023-04-15 09:30:00-04:00,277473.40600433375,417415.99517669703,0.0
2023-04-17 09:30:00-04:00,276534.379728699,417415.99517669703,-0.0033842027931861862
2023-04-18 09:30:00-04:00,277673.4147628787,417415.99517669703,0.0041189635635798805
2023-04-19 09:30:00-04:00,278015.80807342555,417415.99517669703,0.001233079194273179
2023-04-20 09:30:00-04:00,277683.5843490603,417415.99517669703,-0.001194981417306673
2023-04-21 09:30:00-04:00,277683.5843490603,417415.99517669703,0.0
2023-04-22 09:30:00-04:00,277683.5843490603,417415.99517669703,0.0
2023-04-24 09:30:00-04:00,278229.379728699,417415.99517669703,0.001965529870691096
2023-04-25 09:30:00-04:00,279537.9147628787,417415.99517669703,0.0047030800106575565
2023-04-26 09:30:00-04:00,279442.99517669703,417415.99517669703,-0.0003395588976262687
2023-04-27 09:30:00-04:00,277920.8884872439,417415.99517669703,-0.005446930915160908
2023-04-28 09:30:00-04:00,277920.8884872439,417415.99517669703,0.0
2023-04-29 09:30:00-04:00,277920.8884872439,417415.99517669703,0.0
2023-05-01 09:30:00-04:00,276808.96890106227,417415.99517669703,-0.004000849278490537
2023-05-02 09:30:00-04:00,277964.96014251735,417415.99517669703,0.004176133620396705
2023-05-03 09:30:00-04:00,279466.7276596072,417415.99517669703,0.005402722401844695
2023-05-04 09:30:00-04:00,278795.50393524196,417415.99517669703,-0.002401801924638347
2023-05-05 09:30:00-04:00,278795.50393524196,417415.99517669703,0.0
2023-05-06 09:30:00-04:00,278795.50393524196,417415.99517669703,0.0
2023-05-08 09:30:00-04:00,278042.9235214236,417415.99517669703,-0.002699399392011581
2023-05-09 09:30:00-04:00,277110.6735214236,417415.99517669703,-0.0033528995746161527
2023-05-10 09:30:00-04:00,277764.94103851344,417415.99517669703,0.0023610332607388873
2023-05-11 09:30:00-04:00,277266.6106246951,417415.99517669703,-0.0017940723978886464
2023-05-12 09:30:00-04:00,277266.6106246951,417415.99517669703,0.0
2023-05-13 09:30:00-04:00,277266.6106246951,417415.99517669703,0.0
2023-05-15 09:30:00-04:00,277795.46014251735,417415.99517669703,0.0019073682064736364
2023-05-16 09:30:00-04:00,277629.34310760524,417415.99517669703,-0.0005979832601543666
2023-05-17 09:30:00-04:00,276764.89724578883,417415.99517669703,-0.003113668937657521
2023-05-18 09:30:00-04:00,274978.3606246951,417415.99517669703,-0.006455069406822833
2023-05-19 09:30:00-04:00,274978.3606246951,417415.99517669703,0.0
2023-05-20 09:30:00-04:00,274978.3606246951,417415.99517669703,0.0
2023-05-22 09:30:00-04:00,276025.879728699,417415.99517669703,0.003809460139423848
2023-05-23 09:30:00-04:00,277605.6106246951,417415.99517669703,0.005723126025533487
2023-05-24 09:30:00-04:00,276819.1384872439,417415.99517669703,-0.002833055627663228
2023-05-25 09:30:00-04:00,276619.129728699,417415.99517669703,-0.0007225250379649939
2023-05-26 09:30:00-04:00,276619.129728699,417415.99517669703,0.0
2023-05-27 09:30:00-04:00,276619.129728699,417415.99517669703,0.0
2023-05-30 09:30:00-04:00,275619.0755905154,417415.99517669703,-0.0036152746889357434
2023-05-31 09:30:00-04:00,275683.4864181521,417415.99517669703,0.0002336951007426702
2023-06-01 09:30:00-04:00,273510.49517669703,417415.99517669703,-0.007882195882270349
2023-06-02 09:30:00-04:00,273510.49517669703,417415.99517669703,0.0
2023-06-03 09:30:00-04:00,273510.49517669703,417415.99517669703,0.0
2023-06-05 09:30:00-04:00,272774.8606246951,417415.99517669703,-0.0026896026477035706
2023-06-06 09:30:00-04:00,272174.8343490603,417415.99517669703,-0.002199712518450636
2023-06-07 09:30:00-04:00,271288.4907821658,63524.55316009547,-0.0032565228486841624
2023-06-08 09:30:00-04:00,272915.0689987185,63524.55316009547,0.005995750913955433
2023-06-09 09:30:00-04:00,272915.0689987185,63524.55316009547,0.0
2023-06-10 09:30:00-04:00,272915.0689987185,63524.55316009547,0.0
2023-06-12 09:30:00-04:00,275525.39672699,63524.55316009547,0.009564615606783233
2023-06-13 09:30:00-04:00,275402.02654876735,307303.757261658,-0.0004477633629719202
2023-06-14 09:30:00-04:00,275451.6682418826,307303.757261658,0.00018025173502644876
2023-06-15 09:30:00-04:00,274963.2980636599,307303.757261658,-0.0017729795624029654
2023-06-16 09:30:00-04:00,274963.2980636599,307303.757261658,0.0
2023-06-17 09:30:00-04:00,274963.2980636599,307303.757261658,0.0
2023-06-20 09:30:00-04:00,275464.076994324,307303.757261658,0.0018212573612210736
2023-06-21 09:30:00-04:00,275625.4063705447,307303.757261658,0.0005856639384018703
2023-06-22 09:30:00-04:00,275699.86779632594,307303.757261658,0.0002701544344614337
2023-06-23 09:30:00-04:00,275699.86779632594,307303.757261658,0.0
2023-06-24 09:30:00-04:00,275699.86779632594,307303.757261658,0.0
2023-06-26 09:30:00-04:00,275742.20681610133,307303.757261658,0.00015356924221188173
2023-06-27 09:30:00-04:00,275545.10815277125,307303.757261658,-0.0007147932324395034
2023-06-28 09:30:00-04:00,275478.67788543727,307303.757261658,-0.00024108672361966565
2023-06-29 09:30:00-04:00,275078.6370834353,307303.757261658,-0.0014521661170753264
2023-06-30 09:30:00-04:00,275078.6370834353,460924.87811126735,0.0
2023-07-01 09:30:00-04:00,275078.6370834353,460924.87811126735,0.0
2023-07-03 09:30:00-04:00,274455.5524581912,460924.87811126735,-0.0022651145572425424
2023-07-04 09:30:00-04:00,274880.7665695193,460924.87811126735,0.0015493004514561814
2023-07-05 09:30:00-04:00,275929.0524581912,460924.87811126735,0.00381360217287785
2023-07-06 09:30:00-04:00,276261.6460556033,460924.87811126735,0.001205359111152271
2023-07-07 09:30:00-04:00,276261.6460556033,460924.87811126735,0.0
2023-07-08 09:30:00-04:00,276261.6460556033,460924.87811126735,0.0
2023-07-10 09:30:00-04:00,275495.4229721072,460924.87811126735,-0.002773541294769033
2023-07-11 09:30:00-04:00,272994.68194427516,460924.87811126735,-0.009077250724725205
2023-07-12 09:30:00-04:00,272358.9806808474,460924.87811126735,-0.0023286214181912346
2023-07-13 09:30:00-04:00,271272.7934860232,460924.87811126735,-0.003988071889933442
2023-07-14 09:30:00-04:00,271272.7934860232,460924.87811126735,0.0
2023-07-15 09:30:00-04:00,271272.7934860232,460924.87811126735,0.0
2023-07-17 09:30:00-04:00,271264.37811126735,460924.87811126735,-3.102181626002398e-05
2023-07-18 09:30:00-04:00,269365.6639999392,460924.87811126735,-0.006999496670179517
2023-07-19 09:30:00-04:00,269719.3024581912,460924.87811126735,0.0013128564828961409
2023-07-20 09:30:00-04:00,269807.72170867946,460924.87811126735,0.00032781951340687954
2023-07-21 09:30:00-04:00,269807.72170867946,460924.87811126735,0.0
2023-07-22 09:30:00-04:00,269807.72170867946,460924.87811126735,0.0
2023-07-24 09:30:00-04:00,269824.5524581912,460924.87811126735,6.23805330890459e-05
2023-07-25 09:30:00-04:00,269593.00759735133,460924.87811126735,-0.0008581311772053457
2023-07-26 09:30:00-04:00,267677.4627365115,460924.87811126735,-0.00710532100929262
2023-07-27 09:30:00-04:00,268770.17721405055,427416.4189132693,0.0040822057500398135
2023-07-28 09:30:00-04:00,268770.17721405055,427416.4189132693,0.0
2023-07-29 09:30:00-04:00,268770.17721405055,427416.4189132693,0.0
2023-07-31 09:30:00-04:00,268634.4627365115,427416.4189132693,-0.0005049461921178278
2023-08-01 09:30:00-04:00,269685.4189132693,427416.4189132693,0.003912216496915422
2023-08-02 09:30:00-04:00,273957.61190643336,641350.4189132693,0.015841394059713743
2023-08-03 09:30:00-04:00,271760.01791229274,641350.4189132693,-0.008021656995941373
2023-08-04 09:30:00-04:00,271760.01791229274,641350.4189132693,0.0
2023-08-05 09:30:00-04:00,271760.01791229274,641350.4189132693,0.0
2023-08-07 09:30:00-04:00,273924.8299240115,641350.4189132693,0.00796589589723018
2023-08-08 09:30:00-04:00,273145.81991424586,641350.4189132693,-0.0028438824256338258
2023-08-09 09:30:00-04:00,273834.6169113162,641350.4189132693,0.002521718975185383
2023-08-10 09:30:00-04:00,277295.01791229274,641350.4189132693,0.012636828170257353
2023-08-11 09:30:00-04:00,277295.01791229274,641350.4189132693,0.0
2023-08-12 09:30:00-04:00,277295.01791229274,961896.759794617,0.0
2023-08-14 09:30:00-04:00,273748.4367355349,961896.759794617,-0.012789920293048929
2023-08-15 09:30:00-04:00,279623.4529708865,961896.759794617,0.021461369078163317
2023-08-16 09:30:00-04:00,281628.0341476443,961896.759794617,0.007168859247892012
2023-08-17 09:30:00-04:00,293640.22732391383,961896.759794617,0.042652689788588605
2023-08-18 09:30:00-04:00,293640.22732391383,961896.759794617,0.0
2023-08-19 09:30:00-04:00,293640.22732391383,961896.759794617,0.0
2023-08-21 09:30:00-04:00,281597.21108856227,961896.759794617,-0.041012828334542006
2023-08-22 09:30:00-04:00,286676.95181121863,1442782.9518112186,0.01803903065310819
2023-08-23 09:30:00-04:00,272358.8653854374,1442782.9518112186,-0.04994502116518229
2023-08-24 09:30:00-04:00,288177.2110885624,1442782.9518112186,0.05807905566334015
2023-08-25 09:30:00-04:00,288177.2110885624,1442782.9518112186,0.0
2023-08-26 09:30:00-04:00,288177.2110885624,1442782.9518112186,0.0
2023-08-28 09:30:00-04:00,277728.16787567176,1442782.9518112186,-0.036259089236863495
2023-08-29 09:30:00-04:00,259672.60610809363,1442782.9518112186,-0.0650116331580054
2023-08-30 09:30:00-04:00,254040.16787567176,1442782.9518112186,-0.021690536852690845
2023-08-31 09:30:00-04:00,250039.47646942176,1442782.9518112186,-0.015748263118011918
2023-09-01 09:30:00-04:00,250039.47646942176,1442782.9518112186,0.0
2023-09-02 09:30:00-04:00,250039.47646942176,1442782.9518112186,0.0
2023-09-05 09:30:00-04:00,262594.16787567176,1442782.9518112186,0.05021083703870799
2023-09-06 09:30:00-04:00,276517.47036590613,1442782.9518112186,0.053022131461908595
2023-09-07 09:30:00-04:00,271806.16787567176,1442782.9518112186,-0.017037992152901138
2023-09-08 09:30:00-04:00,271806.16787567176,1442782.9518112186,0.0
2023-09-09 09:30:00-04:00,271806.16787567176,2163965.84191742,0.0
2023-09-11 09:30:00-04:00,263087.4400009159,2163965.84191742,-0.03207700525303725
2023-09-12 09:30:00-04:00,266192.1767257694,2163965.84191742,0.011801159055113697
2023-09-13 09:30:00-04:00,254071.10076751746,2163965.84191742,-0.04553505706795835
2023-09-14 09:30:00-04:00,262279.3596176151,2163965.84191742,0.03230693622888059
2023-09-15 09:30:00-04:00,262279.3596176151,2163965.84191742,0.0
2023-09-16 09:30:00-04:00,262279.3596176151,2163965.84191742,0.0
2023-09-18 09:30:00-04:00,281247.83306732215,2163965.84191742,0.07232164009154873
2023-09-19 09:30:00-04:00,275591.2703842167,2163965.84191742,-0.02011237783208608
2023-09-20 09:30:00-04:00,310933.6900009159,2163965.84191742,0.1282421593667551
2023-09-21 09:30:00-04:00,324755.9400009159,2163965.84191742,0.0444540120434016
2023-09-22 09:30:00-04:00,324755.9400009159,2163965.84191742,0.0
2023-09-23 09:30:00-04:00,324755.9400009159,2163965.84191742,0.0
2023-09-25 09:30:00-04:00,339046.087492371,2163965.84191742,0.04400272860725751
2023-09-26 09:30:00-04:00,347552.087492371,2163965.84191742,0.025088034676676196
2023-09-27 09:30:00-04:00,354399.3551925663,2163965.84191742,0.01970141439690143
2023-09-28 09:30:00-04:00,328073.2748092655,2163965.84191742,-0.07428365768046119
2023-09-29 09:30:00-04:00,328073.2748092655,2163965.84191742,0.0
2023-09-30 09:30:00-04:00,328073.2748092655,2163965.84191742,0.0
2023-10-02 09:30:00-04:00,356185.6723007206,2163965.84191742,0.0856893860306025
2023-10-03 09:30:00-04:00,368902.10076751746,2163965.84191742,0.03570168441829025
2023-10-04 09:30:00-04:00,359162.8242172245,2163965.84191742,-0.026400707748830854
2023-10-05 09:30:00-04:00,369327.4267257694,2163965.84191742,0.028300820194011145
2023-10-06 09:30:00-04:00,369327.4267257694,2163965.84191742,0.0
2023-10-07 09:30:00-04:00,369327.4267257694,2163965.84191742,0.0
2023-10-09 09:30:00-04:00,322672.011534119,2163965.84191742,-0.1263253466044174
2023-10-10 09:30:00-04:00,311188.8596176151,2163965.84191742,-0.0355876912345392
2023-10-11 09:30:00-04:00,305617.4400009159,2163965.84191742,-0.01790366025167256
2023-10-12 09:30:00-04:00,313017.74825897254,2163965.84191742,0.02421428652119606
2023-10-13 09:30:00-04:00,313017.74825897254,2163965.84191742,0.0
2023-10-14 09:30:00-04:00,313017.74825897254,2163965.84191742,0.0
2023-10-16 09:30:00-04:00,323224.9223007206,2163965.84191742,0.032608930638984734
2023-10-17 09:30:00-04:00,317355.761534119,2163965.84191742,-0.01815813188173976
2023-10-18 09:30:00-04:00,331135.4400009159,2163965.84191742,0.043420287692856
2023-10-19 09:30:00-04:00,352272.8551925663,2163965.84191742,0.06383314087912773
2023-10-20 09:30:00-04:00,352272.8551925663,2163965.84191742,0.0
2023-10-21 09:30:00-04:00,352272.8551925663,2163965.84191742,0.0
2023-10-23 09:30:00-04:00,366435.41787567176,2163965.84191742,0.04020338914664223
2023-10-24 09:30:00-04:00,369667.6096176151,2163965.84191742,0.008820631369863996
2023-10-25 09:30:00-04:00,392803.9400009159,2163965.84191742,0.06258684770146083
2023-10-26 09:30:00-04:00,402415.761534119,2163965.84191742,0.024469768641273593
2023-10-27 09:30:00-04:00,402415.761534119,2163965.84191742,0.0
2023-10-28 09:30:00-04:00,402415.761534119,2163965.84191742,0.0
2023-10-30 09:30:00-04:00,393952.33306732215,2163965.84191742,-0.021031553124390534
2023-10-31 09:30:00-04:00,381108.1900009159,2163965.84191742,-0.032603292297830655
2023-11-01 09:30:00-04:00,349721.1590255741,2163965.84191742,-0.08235727228865475
2023-11-02 09:30:00-04:00,321821.3596176151,2163965.84191742,-0.07977727022778958
2023-11-03 09:30:00-04:00,321821.3596176151,3245949.5985092167,0.0
2023-11-04 09:30:00-04:00,321821.3596176151,3245949.5985092167,0.0
2023-11-06 09:30:00-05:00,306091.6202682499,3245949.5985092167,-0.04887723850292336
2023-11-07 09:30:00-05:00,304606.3920272831,3245949.5985092167,-0.004852234241712328
2023-11-08 09:30:00-05:00,292049.63091888465,3245949.5985092167,-0.04122290745387169
2023-11-09 09:30:00-05:00,286108.71795501746,3245949.5985092167,-0.02034213481172742
2023-11-10 09:30:00-05:00,302648.5443405155,3245949.5985092167,0.057809585474073
2023-11-11 09:30:00-05:00,302648.5443405155,3245949.5985092167,0.0
2023-11-13 09:30:00-05:00,280707.7943405155,3245949.5985092167,-0.07249580548226275
2023-11-14 09:30:00-05:00,206645.69259491004,4868904.489103699,-0.26384056032218206
2023-11-15 09:30:00-05:00,167055.58212127723,4868904.489103699,-0.19158449409948153
2023-11-16 09:30:00-05:00,176352.35635223426,4868904.489103699,0.05565078468439233
2023-11-17 09:30:00-05:00,181879.67681732215,-2257970.830262756,0.0313424814922687
2023-11-18 09:30:00-05:00,181879.67681732215,-2257970.830262756,0.0
2023-11-20 09:30:00-05:00,183451.2331222538,-2257970.830262756,0.008640637219242908
2023-11-21 09:30:00-05:00,197811.55004730262,-2257970.830262756,0.07827866120408666
2023-11-22 09:30:00-05:00,207565.84927215613,-2257970.830262756,0.04931107017017444
2023-11-23 09:30:00-05:00,207565.84927215613,-2257970.830262756,0.0
2023-11-24 09:30:00-05:00,208053.53942718543,-2257970.830262756,0.002349568374274469
2023-11-25 09:30:00-05:00,208053.53942718543,-2257970.830262756,0.0
2023-11-27 09:30:00-05:00,205777.48666229285,-2257970.830262756,-0.010939745467243744
2023-11-28 09:30:00-05:00,202688.61697235145,-2257970.830262756,-0.015010727072445218
2023-11-29 09:30:00-05:00,219324.98666229285,-2257970.830262756,0.08207846073670111
2023-11-30 09:30:00-05:00,210275.34927215613,-2257970.830262756,-0.04126131512808873
2023-12-01 09:30:00-05:00,211846.74020233192,-2257970.830262756,0.007473015432455377
2023-12-02 09:30:00-05:00,211846.74020233192,-2257970.830262756,0.0
2023-12-04 09:30:00-05:00,210925.6028121952,-2257970.830262756,-0.004348131055766813
2023-12-05 09:30:00-05:00,209083.1626571659,-2257970.830262756,-0.008735023773618344
2023-12-06 09:30:00-05:00,228320.54650726356,-2257970.830262756,0.09200828802097871
2023-12-07 09:30:00-05:00,218024.47958221473,-2257970.830262756,-0.04509478924500243
2023-12-08 09:30:00-05:00,221004.86343231238,-2257970.830262756,0.013669950529448638
2023-12-09 09:30:00-05:00,221004.86343231238,-2257970.830262756,0.0
2023-12-11 09:30:00-05:00,233089.2929672245,-2257970.830262756,0.054679473325767836
2023-12-12 09:30:00-05:00,243602.16619720496,-2257970.830262756,0.04510234295257276
2023-12-13 09:30:00-05:00,259100.42681732215,-2257970.830262756,0.06362119377695019
2023-12-14 09:30:00-05:00,302506.669737244,-2257970.830262756,0.1675267133022722
2023-12-15 09:30:00-05:00,286195.42681732215,-2257970.830262756,-0.05392027532513499
2023-12-16 09:30:00-05:00,286195.42681732215,-2257970.830262756,0.0
2023-12-18 09:30:00-05:00,304598.4632721562,-2247642.216262756,0.06430234284135028
2023-12-19 09:30:00-05:00,312997.84712225385,-2247642.216262756,0.02757526666374832
2023-12-20 09:30:00-05:00,320746.97743231244,-2247642.216262756,0.024757775113487757
2023-12-21 09:30:00-05:00,306494.9809723515,-2247642.216262756,-0.04443376699619417
2023-12-22 09:30:00-05:00,320205.0443573613,-2247642.216262756,0.04473177127245198
2023-12-23 09:30:00-05:00,320205.0443573613,-2247642.216262756,0.0
2023-12-26 09:30:00-05:00,321343.1534271855,-2247642.216262756,0.0035543133685116413
2023-12-27 09:30:00-05:00,328767.15696722455,-2247642.216262756,0.023103039417086357
2023-12-28 09:30:00-05:00,336570.530197205,-2247642.216262756,0.02373525780970387
2023-12-29 09:30:00-05:00,334457.0408173222,-2247642.216262756,-0.006279484358432841
2023-12-30 09:30:00-05:00,334457.0408173222,-2247642.216262756,0.0
